folder,id,display_name,description,type,units,domain,labels,calculation,commonly_used,forms
Anthropometry,ABDOMOBES,"Whether a patient has abdominal obesity (WHR>=0.9 men, >=0.8 women) or not at Visit 1 (baseline)",,choices,,yes_no,,,,
Adverse Events,ACUTE_HOSP_CVD,Acute hospitalization for CVD,,choices,,yes_no,,,,
Adverse Events,AcuteHosp,Acute hospitalization for CVD,,choices,,yes_no,,,,
Sleep Treatment/Adherence/CPAP Adherence,ADH_1M,Patient is adherent (still owning CPAP) at 1 month,,choices,,yes_no,,,,
Sleep Treatment/Adherence/CPAP Adherence,ADH_1YR,Patient is adherent (still owning CPAP) at 1 year,,choices,,yes_no,,,,
Sleep Treatment/Adherence/CPAP Adherence,ADH_2YR,Patient is adherent (still owning CPAP) at 2-year follow-up,,choices,,yes_no,,,,
Sleep Treatment/Adherence/CPAP Adherence,ADH_3M,Patient is adherent (still owning CPAP) at 3 months,,choices,,yes_no,,,,
Sleep Treatment/Adherence/CPAP Adherence,ADH_3YR,Patient is adherent (still owning CPAP) at 3-year follow-up,,choices,,yes_no,,,,
Sleep Treatment/Adherence/CPAP Adherence,ADH_4YR,Patient is adherent (still owning CPAP) at 4-year follow-up,,choices,,yes_no,,,,
Sleep Treatment/Adherence/CPAP Adherence,ADH_5YR,Patient is adherent (still owning CPAP) at 5-year follow-up,,choices,,yes_no,,,,
Sleep Treatment/Adherence/CPAP Adherence,ADH_6M,Patient is adherent (still owning CPAP) at 6 month,,choices,,yes_no,,,,
Sleep Treatment/Adherence/CPAP Adherence,ADH_6YR,Patient is adherent (still owning CPAP) at 5-year follow-up,,choices,,yes_no,,,,
Medical History,AFTYPE,Atrial fibrilation type,,choices,,AFTYPE,,,,
Sociodemographics,AGE,Age,,numeric,years,,,(datinter-birthdat)/(60x60x24x365.24),TRUE,
Medical History,AMI_BASELINE,Whether a patient had acute myocardial infarction or not at baseline,,choices,,yes_no,,,,
Adverse Events,AMI_DATE,Date of acute myocardial infarction,,date,,,,,,
Sleep and Circadian Studies/Polysomnography/Sleep Electroencephalogram (EEG)/Arousals,ArousalIntensity,Arousal Intensity,"EEG-based arousal intensity as classified by a machine learning algorithm (1–4 scale), averaged across all arousals during the recording period.",numeric,,,,,,
Sleep and Circadian Studies/Polysomnography/Sleep Electroencephalogram (EEG)/Arousals,ArousalIntensity_CATEGORY,Category of Arousal Indensity,,choices,,endo_cat,,,,
Sleep and Circadian Studies/Polysomnography/Sleep Electroencephalogram (EEG)/Arousals,ArousalIntensity_QUARTILES,Quartile of Aroursal Intensity,"Average intensity of EEG based arousal classified by machine learning  (1-4 scale), averaged over all nightly arousals ",choices,,quartiles,,,,
Sleep and Circadian Studies/Polysomnography/Sleep Electroencephalogram (EEG)/Arousals,ArThres,Arousal threshold ,"The level of ventilatory drive that causes arousal from sleep, in percentage of eupneic levels. For analysis, values are generally clipped to be a minimum of 100%",numeric,percent (%),,,,,
Sleep and Circadian Studies/Polysomnography/Sleep Electroencephalogram (EEG)/Arousals,ArThres_CATEGORY,Category of Arousal Threshold,,choices,,endo_cat,,,,
Sleep and Circadian Studies/Polysomnography/Sleep Electroencephalogram (EEG)/Arousals,ArThres_QUARTILES,Quartile of Arousal Threshold ,,choices,,quartiles,,,,
Medical History,ATRIALFI,Whether a patient has history of atrial fibrillation at baseline,,choices,,yes_no,,,,
Anthropometry,BMI,Body Mass Index at Visit 1 (baseline),,numeric,kilograms per meter squared (kg/m2),,bmi,weight/(lengthxlength)x10000,,
Anthropometry,BMI_1YR,BMI at  1-year follow-up,,numeric,kilograms per meter squared (kg/m2),,,,,
Anthropometry,BMI_3M,BMI at  3-month follow-up,,numeric,kilograms per meter squared (kg/m2),,,,,
Sleep Treatment,C1M_C_95PER,95% CPAP pressure at 1 month follow-up,,numeric,centimeters of water (cmH2O),,,,,
Sleep Treatment,C1M_C_H_NIGHT,CPAP hours per CPAP nights at 1 month follow-up,,numeric,hours per night,,,,,
Sleep Treatment,C1M_C_MEDIAN,Median CPAP pressure at 1 month follow-up,,numeric,centimeters of water (cmH2O),,,,,
Sleep Treatment,C1M_C_TOTAL,Total days patient used CPAP machine at 1 month follow-up,,numeric,,,,,,
Sleep Treatment,C1M_COMPL_HOURS,Adjusted CPAP hours at 1 month (CPAP hours/night x Percentage of CPAP days/Follow-up days),,numeric,hours (hr),,,,,
Sleep Treatment,C1M_CPAPD,Total CPAP use-days to 1 month follow-up,,numeric,days,,,,,
Sleep Treatment,C1M_DAYS,Total days to 1 month follow-up,,numeric,days,,,,,
Sleep Treatment,C1M_HUM,Indicator for if humidifier is added at 1 month,,choices,,yes_no,,,,
Sleep Treatment,C1M_MASK,CPAP Mask Type at 1 month,,choices,,mask_type,,,,
Sleep Treatment,C1M_PERC,Percentage of CPAP days/Follow-up days at 1 month,,numeric,percent (%),,,,,
Sleep and Circadian Studies/Polysomnography/Sleep Disordered Breathing/Apnea-Hypopnea Frequency Indices,C1M_RESAHI,Residual AHI at 1 month follow-up,,numeric,number of events per hour,,,,,
Sleep and Circadian Studies/Polysomnography/Sleep Electroencephalogram (EEG)/Arousals,C1M_RESAI,Residual AI 1 Month,,numeric,number of events per hour,,,,,
Sleep Treatment,C1YR_C_95PER,95% CPAP pressure at 1 year follow-up,,numeric,centimeters of water (cmH2O),,,,,
Sleep Treatment,C1YR_C_H_NIGHT,CPAP hours per CPAP nights at 1 year follow-up,,numeric,hours per night,,,,,
Sleep Treatment,C1YR_C_MEDIAN,Median CPAP pressure at 1 year follow-up,,numeric,centimeters of water (cmH2O),,,,,
Sleep Treatment,C1YR_C_TOTAL,Total days patient used CPAP machine at 1 year,,numeric,,,,,,
Sleep Treatment,C1YR_CPAPD,Total CPAP use-days from CPAP start date to 1 year follow-up  date,,numeric,days,,,,,
Sleep Treatment,C1YR_DAYS,Number of days between baseline visit and 1 year follow-up,,numeric,days,,,,,
Sleep Treatment,C1YR_HUM,Indicator for if humidifier is added at 1 year,,numeric,,yes_no,,,,
Sleep Treatment,C1YR_MASK,CPAP Mask Type at 1 year,,choices,,mask_type,,,,
Sleep Treatment,C1YR_PERC,Percentage of CPAP days/Follow-up days at 1 year,,numeric,percent (%),,,,,
Sleep Treatment,C1YR_RESAHI,Residual AHI at 1 year follow-up,,numeric,number of events per hour,,,,,
Sleep Treatment,C1YR_RESAI,Residual AI at 1 Year,,numeric,number of events per hour,,,,,
Sleep Treatment,C2YR_ADJ_HOURS,Adjusted CPAP hours at 2 years (CPAP hours/night x Percentage of CPAP days/Follow-up days),,numeric,hours per night,,,,,
Sleep Treatment,C2YR_C_95PER,95% CPAP pressure at 2 year follow-up,,numeric,centimeters of water (cmH2O),,,,,
Sleep Treatment,C2YR_C_H_NIGHT,CPAP hours per CPAP nights at 2 year follow-up,,numeric,hours per night,,,,,
Sleep Treatment,C2YR_C_MEDIAN,Median CPAP pressure at 2 year follow-up,,numeric,centimeters of water (cmH2O),,,,,
Sleep Treatment,C2YR_HUM,Indicator for if humidifier is added at 2 year follow-up,,numeric,,,,,,
Sleep Treatment,C2YR_MASK,CPAP Mask Type at 2-year follow up,,choices,,mask_type,,,,
Sleep Treatment,C2YR_MASKLEAK,Median leak at 2 year follow-up,,numeric,liters per minute,,,,,
Sleep Treatment,C2YR_PERC,Percentage of CPAP days/Follow-up days at 2 year follow-up,,numeric,percent (%),,,,,
Sleep Treatment,C2YR_RAMP,Ramp time at 2 years,,numeric,minutes (min),,,,,
Sleep Treatment,C2YR_RESAHI,Residual AHI at 2 year follow-up,,numeric,number of events per hour,,,,,
Sleep Treatment,C3M_C_95PER,95% CPAP pressure at 3 month follow-up,,numeric,centimeters of water (cmH2O),,,,,
Sleep Treatment,C3M_C_H_NIGHT,CPAP hours per CPAP nights at 3 months follow-up,,numeric,hours per night,,,,,
Sleep Treatment,C3M_C_MEDIAN,Median CPAP pressure at 3 month follow-up,,numeric,centimeters of water (cmH2O),,,,,
Sleep Treatment,C3M_C_TOTAL,Total days patient used CPAP machine at 3 months,,numeric,days,,,,,
Sleep Treatment,C3M_CPAPD,Total CPAP use-days to 3 month follow-up,,numeric,days,,,,,
Sleep Treatment,C3M_DAYS,Total days to 3 month follow-up,,numeric,days,,,,,
Sleep Treatment,C3M_HUM,Indicator for if humidifier is added at 3 months,,numeric,,yes_no,,,,
Sleep Treatment,C3M_MASK,CPAP Mask Type at 3 months,,choices,,mask_type,,,,
Sleep Treatment,C3M_PERC,Percentage of CPAP days/Follow-up days at 3 months,,numeric,percent (%),,,,,
Sleep and Circadian Studies/Polysomnography/Sleep Disordered Breathing/Apnea-Hypopnea Frequency Indices,C3M_RESAHI,Residual AHI at 3 month follow-up,,numeric,number of events per hour,,,,,
Sleep and Circadian Studies/Polysomnography/Sleep Electroencephalogram (EEG)/Arousals,C3M_RESAI,Residual AI 3 Months,,numeric,number of events per hour,,,,,
Sleep Treatment,C3YR_ADJ_HOURS,Adjusted CPAP hours at 3-year follow-up (CPAP hours/night x Percentage of CPAP days/Follow-up days),,numeric,hours per night,,,,,
Sleep Treatment,C3YR_C_95PER,95% CPAP pressure at 3-year follow-up,,numeric,centimeters of water (cmH2O),,,,,
Sleep Treatment,C3YR_C_H_NIGHT,CPAP hours per CPAP nights at 3 year follow-up,,numeric,hours per night,,,,,
Sleep Treatment,C3YR_C_MEDIAN,Median CPAP pressure at 3-year follow-up,,numeric,centimeters of water (cmH2O),,,,,
Sleep Treatment,C3YR_HUM,Indicator for if humidifier is added at 3-year follow up,,numeric,,,,,,
Sleep Treatment,C3YR_MASK,CPAP Mask Type at 3-year follow-up,,choices,,mask_type,,,,
Sleep Treatment,C3YR_MASKLEAK,Median leak at 3-year follow-up,,numeric,liters per minute,,,,,
Sleep Treatment,C3YR_PERC,Percentage of CPAP days/Follow-up days at 3-year follow-up,,numeric,percent (%),,,,,
Sleep Treatment,C3YR_RAMP,Ramp time at 3-year follow-up,,numeric,minutes (min),,,,,
Sleep Treatment,C3YR_RESAHI,Residual AHI at 3-year follow-up,,numeric,number of events per hour,,,,,
Sleep Treatment,C4YR_ADJ_HOURS,Adjusted CPAP hours at 4-year follow-up (CPAP hours/night x Percentage of CPAP days/Follow-up days),,numeric,hours per night,,,,,
Sleep Treatment,C4YR_C_95PER,95% CPAP pressure at 4-year follow-up,,numeric,centimeters of water (cmH2O),,,,,
Sleep Treatment,C4YR_C_H_NIGHT,CPAP hours per CPAP nights at 4 year follow-up,,numeric,hours per night,,,,,
Sleep Treatment,C4YR_C_MEDIAN,Median CPAP pressure at 4-year follow-up,,numeric,centimeters of water (cmH2O),,,,,
Sleep Treatment,C4YR_HUM,Indicator for if humidifier is added at 4-year follow-up,,choices,,yes_no,,,,
Sleep Treatment,C4YR_MASK,CPAP Mask Type at 4-year follow-up,,choices,,mask_type,,,,
Sleep Treatment,C4YR_MASKLEAK,Median leak at 4-year follow-up,,numeric,liters per minute,,,,,
Sleep Treatment,C4YR_PERC,Percentage of CPAP days/Follow-up days at 4-year follow-up,,numeric,percent (%),,,,,
Sleep Treatment,C4YR_RAMP,Ramp time at 4-year follow-up,,numeric,minutes (min),,,,,
Sleep Treatment,C4YR_RESAHI,Residual AHI  at 4-year follow-up,,numeric,number of events per hour,,,,,
Sleep Treatment,C5YR_ADJ_HOURS,Adjusted CPAP hours at 5-year follow-up (CPAP hours/night x Percentage of CPAP days/Follow-up days),,numeric,hours per night,,,,,
Sleep Treatment,C5YR_C_95PER,95% CPAP pressure at 5-year follow-up,,numeric,centimeters of water (cmH2O),,,,,
Sleep Treatment,C5YR_C_H_NIGHT,CPAP hours per CPAP nights at 5 year follow-up,,numeric,hours per night,,,,,
Sleep Treatment,C5YR_C_MEDIAN,Median CPAP pressure at 5-year follow-up,,numeric,centimeters of water (cmH2O),,,,,
Sleep Treatment,C5YR_HUM,Indicator for if humidifier is added at 5-year follow-up,,choices,,yes_no,,,,
Sleep Treatment,C5YR_MASK,CPAP Mask Type at 4-year follow-up,,choices,,mask_type,,,,
Sleep Treatment,C5YR_MASKLEAK,Median leak at 5-year follow-up,,numeric,liters per minute,,,,,
Sleep Treatment,C5YR_PERC,Percentage of CPAP days/Follow-up days at 5-year follow-up,,numeric,percent (%),,,,,
Sleep Treatment,C5YR_RAMP,Ramp time at 5-year follow-up,,numeric,minutes (min),,,,,
Sleep Treatment,C5YR_RESAHI,Residual AHI  at 5-year follow-up,,numeric,number of events per hour,,,,,
Sleep Treatment,C6M_C_95PER,95% CPAP pressure at 6 month follow-up,,numeric,centimeters of water (cmH2O),,,,,
Sleep Treatment,C6M_C_H_NIGHT,CPAP hours per CPAP nights at 6 months follow-up,,numeric,hours per night,,,,,
Sleep Treatment,C6M_C_MEDIAN,Median CPAP pressure at 6 month follow-up,,numeric,centimeters of water (cmH2O),,,,,
Sleep Treatment,C6M_C_TOTAL,Total days patient used CPAP machine at 6 months,,numeric,,,,,,
Sleep Treatment,C6M_COMPL_HOURS,Adjusted CPAP hours at 6 months (CPAP hours/night x Percentage of CPAP days/Follow-up days),,numeric,hours (hr),,,,,
Sleep Treatment,C6M_CPAPD,Total CPAP use-days to 6 month follow-up,,numeric,days,,,,,
Sleep Treatment,C6M_DAYS,Total days to 6 month follow-up,,numeric,days,,,,,
Sleep Treatment,C6M_HUM,Indicator for if humidifier is added at 6 months,,numeric,,yes_no,,,,
Sleep Treatment,C6M_MASK,CPAP Mask Type at 6 months,,choices,,mask_type,,,,
Sleep Treatment,C6M_PERC,Percentage of CPAP days/Follow-up days at 6 months,,numeric,percent,,,,,
Sleep and Circadian Studies/Polysomnography/Sleep Disordered Breathing/Apnea-Hypopnea Frequency Indices,C6M_RESAHI,Residual AHI at 6 month follow-up,,numeric,number of events per hour,,,,,
Sleep and Circadian Studies/Polysomnography/Sleep Electroencephalogram (EEG)/Arousals,C6M_RESAI,Residual AI 3 Months,,numeric,number of events per hour,,,,,
Sleep Treatment,C6YR_ADJ_HOURS,Adjusted CPAP hours at 6-year follow-up (CPAP hours/night x Percentage of CPAP days/Follow-up days),,numeric,hours per night,,,,,
Sleep Treatment,C6YR_C_95PER,95% CPAP pressure at 6-year follow-up,,numeric,centimeters of water (centimeters of water (cmH2O)),,,,,
Sleep Treatment,C6YR_C_H_NIGHT,CPAP hours per CPAP nights at 5 year follow-up,,numeric,hours per night,,,,,
Sleep Treatment,C6YR_C_MEDIAN,Median CPAP pressure at 6-year follow-up,,numeric,centimeters of water (centimeters of water (cmH2O)),,,,,
Sleep Treatment,C6YR_HUM,Indicator for if humidifier is added at 6-year follow-up,,numeric,,yes_no,,,,
Sleep Treatment,C6YR_MASK,Median leak at 6-year follow-up,,choices,,mask_type,,,,
Sleep Treatment,C6YR_MASKLEAK,Median leak at 6-year follow-up,,numeric,liters per minute,,,,,
Sleep Treatment,C6YR_PERC,Percentage of CPAP days/Follow-up days at 6-years follow-up,,numeric,percent (%),,,,,
Sleep Treatment,C6YR_RAMP,ramp time at 6-year follow-up,,numeric,minutes (min),,,,,
Sleep Treatment,C6YR_RESAHI,Residual AHI at 6-year follow-up,,numeric,number of events per hour,,,,,
Adverse Events,CAUSE_OF_DEATH,Cause of death,,text,,,,,,
Physiologic Measurements,CHOLEST2,Total Cholesterol Visit 2 (3 month follow-up),,numeric,millimoles per liter (mmol/L),,,,,
Physiologic Measurements,CHOLEST3,Total Cholesterol Visit 3 (1 year follow-up),,numeric,millimoles per liter (mmol/L),,,,,
Medical History,CHRONIC_AF,Chronic atrial fibrilation,,choices,,yes_no,,,,
Adverse Events,COMPOSITE01,"Composite endpoint 1 - Has any of the following: new revascularization, acute myocardinal infarction, stroke and cardiovascular mortality",,choices,,yes_no,,,,
Adverse Events,COMPOSITE02,"Composite endpoint 2 - Has any of the following: new revascularization, acute myocardinal infarction, stroke, cardiovascular mortality , mortality and acute cardiovascular hospitalization",,choices,,yes_no,,,,
Administrative,CPAP_1M,CPAP control date after 1 month,,date,,,,,,
Administrative,CPAP_1YR,CPAP control date after 1 year,,date,,,,,,
Administrative,CPAP_2YR,CPAP control date after 2 years,,date,,,,,,
Sleep Treatment,CPAP_3HOURS_1YR,Grouping participants based on CPAP usage measured at 1-year follow-up. Cut-off is 3 hours usage.,,choices,,CPAP_USAGE,,,,
Sleep Treatment,CPAP_3HOURS_2YR,Grouping participants based on CPAP usage measured at 2-year follow-up. Cut-off is 3 hours usage.,,choices,,CPAP_USAGE,,,,
Sleep Treatment,CPAP_3HOURS_3M,Grouping participants based on CPAP usage measured at 3-month follow-up. Cut-off is 3 hours usage.,,choices,,CPAP_USAGE,,,,
Sleep Treatment,CPAP_3HOURS_3YR,Grouping participants based on CPAP usage measured at 3-year follow-up. Cut-off is 3 hours usage.,,choices,,CPAP_USAGE,,,,
Sleep Treatment,CPAP_3HOURS_4YR,Grouping participants based on CPAP usage measured at 4-year follow-up. Cut-off is 3 hours usage,,choices,,CPAP_USAGE,,,,
Sleep Treatment,CPAP_3HOURS_5YR,Grouping participants based on CPAP usage measured at 5-year follow-up. Cut-off is 3 hours usage,,choices,,CPAP_USAGE,,,,
Sleep Treatment,CPAP_3HOURS_6YR,Grouping participants based on CPAP usage measured at 6-year follow-up. Cut-off is 3 hours usage,,choices,,CPAP_USAGE,,,,
Administrative,CPAP_3M,CPAP control date after 3 months,,date,,,,,,
Administrative,CPAP_3YR,CPAP control date after 3 years,,date,,,,,,
Sleep Treatment,CPAP_4HOURS_1YR,Grouping participants based on CPAP usage measured at 1-year follow-up. Cut-off is 4 hours usage.,,choices,,CPAP_USAGE,,,,
Sleep Treatment,CPAP_4HOURS_2YR,Grouping participants based on CPAP usage measured at 2-year follow-up. Cut-off is 4 hours usage.,,choices,,CPAP_USAGE,,,,
Sleep Treatment,CPAP_4HOURS_3YR,Grouping participants based on CPAP usage measured at 3-year follow-up. Cut-off is 4 hours usage.,,choices,,CPAP_USAGE,,,,
Sleep Treatment,CPAP_4HOURS_4YR,Grouping participants based on CPAP usage measured at 4-year follow-up. Cut-off is 4 hours usage,,choices,,CPAP_USAGE,,,,
Sleep Treatment,CPAP_4HOURS_5YR,Grouping participants based on CPAP usage measured at 5-year follow-up. Cut-off is 4 hours usage,,choices,,CPAP_USAGE,,,,
Sleep Treatment,CPAP_4HOURS_6YR,Grouping participants based on CPAP usage measured at 6-year follow-up. Cut-off is 4 hours usage,,choices,,CPAP_USAGE,,,,
Administrative,CPAP_4YR,CPAP control date after 4 years,,date,,,,,,
Sleep Treatment,CPAP_5HOURS_1YR,Grouping participants based on CPAP usage measured at 1-year follow-up. Cut-off is 3 hours usage.,,choices,,CPAP_USAGE,,,,
Sleep Treatment,CPAP_5HOURS_2YR,Grouping participants based on CPAP usage measured at 2-year follow-up. Cut-off is 3 hours usage.,,choices,,CPAP_USAGE,,,,
Sleep Treatment,CPAP_5HOURS_3YR,Grouping participants based on CPAP usage measured at 3-year follow-up. Cut-off is 3 hours usage.,,choices,,CPAP_USAGE,,,,
Sleep Treatment,CPAP_5HOURS_4YR,Grouping participants based on CPAP usage measured at 4-year follow-up. Cut-off is 3 hours usage,,choices,,CPAP_USAGE,,,,
Sleep Treatment,CPAP_5HOURS_5YR,Grouping participants based on CPAP usage measured at 5-year follow-up. Cut-off is 3 hours usage,,choices,,CPAP_USAGE,,,,
Sleep Treatment,CPAP_5HOURS_6YR,Grouping participants based on CPAP usage measured at 6-year follow-up. Cut-off is 3 hours usage,,choices,,CPAP_USAGE,,,,
Administrative,CPAP_5YR,CPAP control date after 5 years,,date,,,,,,
Administrative,CPAP_6M,CPAP control date after 6 months,,date,,,,,,
Administrative,CPAP_6YR,CPAP control date after 6 years,,date,,,,,,
Sleep Treatment,CPAP_ADJHOURS_1YR,Adjusted CPAP hours at 1 year (CPAP hours/night x Percentage of CPAP days/Follow-up days),,numeric,hours (hr),,,,,
Sleep Treatment,CPAP_ADJHOURS_3M,Adjusted CPAP hours at 3 months (CPAP hours/night x Percentage of CPAP days/Follow-up days),,numeric,hours (hr),,,,,
Sleep Treatment,CPAPCATEG_1YR,Categorical CPAP hours per CPAP nights at 1 year follow up,Catgeory based on CPAP_ADJHOURS_1YR,choices,,CPAP_CATEG,,,,
Sleep Treatment,CPAPCATEG_2YR,Categorical CPAP hours per CPAP nights at 2-year follow-up ,Catgeory based on C2YR_ADJ_HOURS,choices,,CPAP_CATEG,,,,
Sleep Treatment,CPAPCATEG_3YR,Categorical CPAP hours per CPAP nights at 3-year follow-up ,Catgeory based on C3YR_ADJ_HOURS,choices,,CPAP_CATEG,,,,
Sleep Treatment,CPAPCATEG_4YR,Categorical CPAP hours per CPAP nights at 4-year follow-up ,Catgeory based on C4YR_ADJ_HOURS,choices,,CPAP_CATEG,,,,
Sleep Treatment,CPAPCATEG_5YR,Categorical CPAP hours per CPAP nights at 5-year follow-up ,Catgeory based on C5YR_ADJ_HOURS,choices,,CPAP_CATEG,,,,
Sleep Treatment,CPAPCATEG_6YR,Categorical CPAP hours per CPAP nights at 6-year follow-up ,Catgeory based on C6YR_ADJ_HOURS,choices,,CPAP_CATEG,,,,
Sleep Treatment/Adherence/CPAP Adherence,CPAPRETURN,Whether a patient returned CPAP or not,,choices,,yes_no,,,,
Sleep Treatment/Adherence/CPAP Adherence,CPAPRETURNBEF1YR,Whether a patient returned CPAP before 1 year or not,,choices,,yes_no,,,,
Sleep Treatment/Adherence/CPAP Adherence,CPAPRETURNBEFMORT,Whether a patient returned CPAP  before mortality or not,,choices,,yes_no,,,,
Sleep Treatment/Adherence/CPAP Adherence,CPAPRETURNDATE,Date of CPAP return,,date,,,,,,
Sleep Treatment,CPAPSTARTBASE,Whether a patient started the CPAP treatment at baseline or not,,choices,,yes_no,,,,
Sleep Treatment,CPAPSTARTDATE,The date a patient started CPAP treatment,,date,,,,,,
Sleep Treatment/Adherence/CPAP Adherence,CPAPSTARTFU,Whether a patient started the CPAP treatment at follow-up or not,,choices,,yes_no,,,,
Sleep Treatment,CPAPTYPE_BASE,Type of CPAP machine at Baseline,,choices,,CPAPTYPE,,,,
Lifestyle and Behavioral Health,CURRENTSMOKER,Whether a patient is currently smoking at baseline or not,,choices,,smoke_current,smoking,,,
Adverse Events,CVD_MORT,Cardiovascular mortality status,,choices,,yes_no,,,,
Adverse Events,CVD_MORT_DATE,Date of cardiovascular mortality,,date,,,,,,
Adverse Events,DATE_HOSP_AF_CARDIAC_FAILURE,Date of hospitalization due to atrial fibrilation or cardiac failure,,date,,,,,,
Administrative,DATINTER,Date of revascularization intervention,,date,,,,,,
Sleep and Circadian Studies/Polysomnography/Administrative,DATPSG,Date of PSG recording,,date,,,,,,
Administrative,DATSCREE,Date of screening (date of Embletta polygraphy recording),,numeric,,,,,,
Administrative,DATV2_3MO,Date of Visit 2 (3 Months),,date,,,,,,
Administrative,DATV3_1YR,Date of Visit 3 (1 Year),,date,date,,,,,
Sleep and Circadian Studies/Polysomnography/Administrative,DAYS_TO_PSG,Number of days between Embletta polygraphy recording and PSG recording,,numeric,days,,,,,
Administrative,DAYS_TO_SCREENING,Days between date of revascularization intervention and date of screening,,numeric,days,,,(datscreen-datinter)/(60x60x24),,
Physiologic Measurements,DAYS_TO_V1,Days between screening date and Visit 1 (baseline),,numeric,days,,,,,
Administrative,DAYS_TO_V1ECHO,Number of days between screening and Visit 1 echocardiogram ,,numeric,days,,,,,
Physiologic Measurements,DAYS_TO_V2,Days between blood sample collection at Visit 2 and Visit 1,,numeric,days,,,V2DATBLD-V1DATBLD)/(60x60x24),,
Physiologic Measurements,DAYS_TO_V3,Days between blood sample collection at ? ?,,integer,days,,,,,
Physiologic Measurements,DAYSFROMINTERV_TO_V1,Days between revascularization intervention and Visit 1 (baseline),,numeric,days,,,,,
Physiologic Measurements/Vital Signs/Seated Blood Pressure,DBP_1YR,Diastolic blood pressure at 1-year follow-up,,numeric,millimeters of mercury (mmHg),,bp_diastolic,,,
Physiologic Measurements/Vital Signs/Seated Blood Pressure,DBP_3M,Diastolic blood pressure at 3-month follow-up,,numeric,millimeters of mercury (mmHg),,bp_diastolic,,,
Clinical Data/Vital Signs/Seated Blood Pressure,DBP1,Diastolic blood pressure at Visit 1 (baseline),,integer,millimeters of mercury (mmHg),,bp_diastolic,,,
Sleep and Circadian Studies/Polysomnography/Sleep Disordered Breathing/Endotypes,delay,Chemoreflex delay,The latency between a drop in ventilation and a subsequent reflex rise in ventilatory drive,numeric,,,,,,
Sleep and Circadian Studies/Polysomnography/Sleep Disordered Breathing/Other Indices,DeltaHeartRate,Delta Heart Rate,Change in heart rate due to respiratory events. Calculated from pulse waveform obtained via electrocardiogram.,numeric,,,,,,
Sleep and Circadian Studies/Polysomnography/Sleep Disordered Breathing/Other Indices,DeltaHeartRate_CATEGORY,Category of Delta Heart Rate,,choices,,endo_cat,,,,
Sleep and Circadian Studies/Polysomnography/Sleep Disordered Breathing/Other Indices,DeltaHeartRate_QUARTILES,Quartile of Delta Heart Rate,,choices,,quartiles,,,,
Physiologic Measurements/Cardiovascular Assessments,DeltaHRR1M,Change in heart rate recovery 1 minute post-exercise between Visit 2 and Visit 3,,numeric,beats per minute (bpm),,,,,
Physiologic Measurements/Cardiovascular Assessments/Echocardiography,DeltaV2EA_V1EA,Change in E/A ratio between Visit 1 and Visit 2,,numeric,,,,,,
Physiologic Measurements/Cardiovascular Assessments/Echocardiography,DeltaV2Ee_V1Ee,Change in E/e' Ratio between Visit 1 and Visit 2,,numeric,,,,,,
Physiologic Measurements/Cardiovascular Assessments/Echocardiography,DeltaV2Em_V1Em,Change in septal e' velocity between Visit 1 and Visit 2,,numeric,,,,,,
Physiologic Measurements/Cardiovascular Assessments/Echocardiography,DeltaV2IVS_V1IVS,Change in Interventricular Septum (IVS) between Visit 1 and Visit 2,,numeric,millimeters (mm),,,,,
Physiologic Measurements/Cardiovascular Assessments/Echocardiography,DeltaV2LA_V1LA,Change in left atrial diameter between Visit 1 and Visit 2,,numeric,millimeters (mm),,,,,
Physiologic Measurements/Cardiovascular Assessments/Echocardiography,DeltaV2LVDD_V1LVDD,Change in Left ventricular dimension at end-diastole (LVDD)between Visit 1 and Visit 2,,numeric,millimeters (mm),,,,,
Physiologic Measurements/Cardiovascular Assessments/Echocardiography,DeltaV2LVDS_V1LVDS,Change in Left ventricular dimension at end-systole (LVDS) between Visit 1 and Visit 2,,numeric,,,,,,
Physiologic Measurements/Cardiovascular Assessments/Echocardiography,DeltaV2LVEF_V1LVEF,Change in Left Ventricular ejection fraction between Visit 1 and Visit 2,,numeric,percent (%),,,,,
Physiologic Measurements/Cardiovascular Assessments/Echocardiography,DeltaV2LVMI_V1LVMI,Change in Left Ventricular Mass Index (LVMI) between Visit 1 and Visit 2,,numeric,grams per meter squared (g/m2),,,,,
Physiologic Measurements/Cardiovascular Assessments/Echocardiography,DeltaV2LVPW_V1LVPW,Change in Left Ventricular Posterior Wall (LVPW) between Visit 1 and Visit 2,,numeric,millimeters (mm),,,,,
Physiologic Measurements/Cardiovascular Assessments/Echocardiography,DeltaV2PAP_V1PAP,Change in Pulmonary arterial pressure (PAP) between Visit 1 and Visit 2,,numeric,millimeters of mercury (mmHg),,,,,
Physiologic Measurements/Cardiovascular Assessments/Echocardiography,DeltaV2RWT_V1RWT,Change in Relative Wall Thickness (RWT) between Visit 1 and Visit 2,,numeric,,,,,,
Physiologic Measurements/Cardiovascular Assessments/Echocardiography,DeltaV3EA_V1EA,Change in E/A ratio between Visit 1 and Visit 3,,numeric,,,,,,
Physiologic Measurements/Cardiovascular Assessments/Echocardiography,DeltaV3Ee_V1Ee,Change in E/e' Ratio between Visit 1 and Visit 3,,numeric,,,,,,
Physiologic Measurements/Cardiovascular Assessments/Echocardiography,DeltaV3Em_V1Em,Change in septal e' velocity between Visit 1 and Visit 3,,numeric,,,,,,
Physiologic Measurements/Cardiovascular Assessments/Echocardiography,DeltaV3IVS_V1IVS,Change in Interventricular Septum (IVS) between Visit 1 and Visit 3,,numeric,,,,,,
Physiologic Measurements/Cardiovascular Assessments/Echocardiography,DeltaV3LA_V1LA,Change in Left atrial diameter between Visit 1 and Visit 3,,numeric,,,,,,
Physiologic Measurements/Cardiovascular Assessments/Echocardiography,DeltaV3LVDD_V1LVDD,Change in Left ventricular dimension at end-diastole (LVDD)between Visit 1 and Visit 3,,numeric,,,,,,
Physiologic Measurements/Cardiovascular Assessments/Echocardiography,DeltaV3LVDS_V1LVDS,Change in Left ventricular dimension at end-systole (LVDS) between Visit 1 and Visit 3,,numeric,,,,,,
Physiologic Measurements/Cardiovascular Assessments/Echocardiography,DeltaV3LVEF_V1LVEF,Change in Left Ventricular ejection fraction between Visit 1 and Visit 3,,numeric,,,,,,
Physiologic Measurements/Cardiovascular Assessments/Echocardiography,DeltaV3LVMI_V1LVMI,Change in Left Ventricular Mass Index (LVMI) between Visit 1 and Visit 3,,numeric,grams per meter squared (g/m2),,,,,
Physiologic Measurements/Cardiovascular Assessments/Echocardiography,DeltaV3LVPW_V1LVPW,Change in Left Ventricular Posterior Wall (LVPW) between Visit 1 and Visit 3,,numeric,,,,,,
Physiologic Measurements/Cardiovascular Assessments/Echocardiography,DeltaV3PAP_V1PAP,Change in Pulmonary artery pressure (PAP) between Visit 1 and Visit 3,,numeric,millimeters of mercury (mmHg),,,,,
Physiologic Measurements/Cardiovascular Assessments/Echocardiography,DeltaV3RWT_V1RWT,Change in Relative Wall Thickness (RWT) between Visit 1 and Visit 3,,numeric,,,,,,
Medical History,DEPRESSION,Whether the patient has diagnosied depression at baseline,,choices,,yes_no,,,,
Medical History,DIABETES,Whether a patient has diabetes or not at baseline,,choices,,yes_no,,,,
Medical History,DIABTRTM,Diabetes treatment type at baseline,,choices,,DIABTRTM,,,,
Medical History,DRUGSTENT,Stent Type (Drug or Bare Metal),,choices,,DRUGSTENT,,,,
Sleep Questionnaires/Hypersomnia/Epworth Sleepiness Scale (ESS),ESS,Epworth Sleepiness Scale Total Score at baseline visit,,numeric,,,ess_score;subjective_sleepiness;epworth,,,
Sleep Questionnaires/Hypersomnia/Epworth Sleepiness Scale (ESS),ESS_V2,Epworth Sleepiness Score at Visit 2 (3 month follow-up),,numeric,,,,,,
Medical History,FBYPASS,Previous Bypass,,choices,,yes_no,,,,
Administrative,FINAL_1YR_DATE,Date of 1 year follow-up,,date,,,,,,
Administrative,FINALBLOODSAMPLES,Indicator of final blood samples taken at end of study,,choices,,yes_no,,,,
Medical History,FINTERV,Whether a patient had former revascularization intervention (PCI and/or Bypass) at baseline,,choices,,yes_no,,,,
Adverse Events,FIRST_EVENT_DATE,Date of first event in composite endpoint 1,,date,,,,,,
Adverse Events,FIRST_EVENT_TYPE,Type of first cardiovascular event in composite endpoint 1,,choices,,FIRST_EVENT_TYPE,,,,
Medical History,FPCI,Previous PCI,,choices,,yes_no,,,,
Administrative,FU_1_YEAR,Date of 1 year follow-up,,date,,,,,,
Administrative,FU_1M,Date of 1 month follow-up,,date,,,,,,
Administrative,FU_1YR,Date of 1 year follow-up,,date,,,,,,
Administrative,FU_2YR,Date of 2 year follow-up,,date,,,,,,
Administrative,FU_3M,Date of 3 month-follow-up,,date,,,,,,
Administrative,FU_3YR,Date of 3-year follow-up,,date,,,,,,
Administrative,FU_4YR,Date of 4-year follow-up,,date,,,,,,
Administrative,FU_5YR,Date of 5-year follow-up,,date,,,,,,
Administrative,FU_6M,Date of 6 month-follow-up,,date,,,,,,
Administrative,FU_6YR,Date of 6-year follow-up,,date,,,,,,
Sociodemographics,GENDER,Gender,,choices,,sex_gender,,,TRUE,
Administrative,GROUP,Study groups based on SLEEPY status and OSA status,,choices,,GROUP,,,,
Sleep and Circadian Studies/Polysomnography/Sleep Disordered Breathing/Other Indices,HB_Available,Hypoxic Burden metric availible ,,choices,,yes_no,,,,
Anthropometry,HIP,Hip circumference at Visit 1 (baseline),,numeric,centimeters (cm),,,,,
Anthropometry,HIP_1YR,Hip measurement at 1-year follow-up,,numeric,centimeters (cm),,,,,
Anthropometry,HIP_3M,Hip measurement at 3-month follow-up,,numeric,centimeters (cm),,,,,
Adverse Events,HOSP_AF,Hospitalization due to atrial fibrilation,,choices,,yes_no,,,,
Adverse Events,HOSP_AF_CARDIAC_FAILURE,Hospitalization due to atrial fibrilation or cardiac failure,,choices,,yes_no,,,,
Adverse Events,HOSP_CARDIAC_FAILURE,Hospitalization due to caridac failure,,choices,,yes_no,,,,
Medical History,HYPERT,Whether a patient has hypertension or not at baseline,,choices,,yes_no,,,,
Sleep and Circadian Studies/Polysomnography/Sleep Disordered Breathing/Other Indices,HypoxicBurden,Hypoxic Burden,Total area under the respiratory event-related desaturation curve.,numeric,,,,,,
Sleep and Circadian Studies/Polysomnography/Sleep Disordered Breathing/Other Indices,HypoxicBurden_CATEGORY,Category of Hypoxic Burden,,choices,,endo_cat,,,,
Sleep and Circadian Studies/Polysomnography/Sleep Disordered Breathing/Other Indices,HypoxicBurden_QUARTILES,Quartile of Hypoxic Burden,,choices,,quartiles,,,,
Adverse Events,Incident_AMI,Incidence of acute myocardial infarction,,choices,,yes_no,,,,
Adverse Events,Incident_STROKE,Incident Stroke,,choices,,yes_no,,,,
Adverse Events,Incident_STROKE_DATE,Date of stroke if it is present,,date,,,,,,
Medical History,INDIC_PCI,Urgency Indicator for Percutaneous Coronary Intervention(PCI) (Rescue/Subacute/Elective),,choices,,INDIC_PCI,,,,
Administrative,INTERV,The type of revascularization intervention (PCI or CABG),,choices,,INTERV,,,,
Anthropometry,L_1YR,Height (cm) at  1 Year,,numeric,centimeters (cm),,,,,
Anthropometry,L_3M,Height (cm) at 3 Months,,numeric,centimeters (cm),,,,,
Sleep and Circadian Studies/Polysomnography/Sleep Disordered Breathing/Endotypes,LG1,Loop gain calculated at frequency of 1 cycle/minute,Calculated as the magnitude of the ventilatory drive response to ventilatory disturbance occuring at 1 cycle/min.,numeric,,,,,,
Sleep and Circadian Studies/Polysomnography/Sleep Disordered Breathing/Endotypes,LG1_CATEGORY,Category of LG1 (above or below median),,choices,,endo_cat,,,,
Sleep and Circadian Studies/Polysomnography/Sleep Disordered Breathing/Endotypes,LG1_QUARTILES,Quartile of LG1,,choices,,quartiles,,,,
Sleep and Circadian Studies/Polysomnography/Sleep Disordered Breathing/Endotypes,LGn,Loop gain calculated at subject-specific natural cycling frequency of respiratory events ,Calculated as the magnitude of the ventilatory drive response to ventilatory disturbance occuring at natural cycling frequency of respiratory events specific to the subject.,numeric,,,,,,
Sleep and Circadian Studies/Polysomnography/Sleep Disordered Breathing/Endotypes,LGn_CATEGORY,Category of LGn,,choices,,endo_cat,,,,
Sleep and Circadian Studies/Polysomnography/Sleep Disordered Breathing/Endotypes,LGn_QUARTILES,Quartile of LGn,,choices,,quartiles,,,,
Sleep and Circadian Studies/Polysomnography/Sleep Disordered Breathing/Other Indices,Log_HB,log-transformed Hypoxic Burden,,numeric,,,,,,
Medical History,LUNGDIS,Whether a patient has diagnosed lung disease or not at baseline,,choices,,yes_no,,,,
Sleep Treatment/Adherence/CPAP Adherence,MONTHS_ON_CPAP,Months between CPAP Start and returned,,numeric,months,,,,,
Adverse Events,MORTALITY,Mortality status during the follow up period,,choices,,yes_no,,,,
Adverse Events,MORTDATE,Date of mortality,,date,,,,,,
Adverse Events,NewCABG,New Coronary Artery Bypass Graft,,choices,,yes_no,,,,
Adverse Events,NewCABG_DATE,Date of new Coronary Artery Bypass Graft,,date,,,,,,
Adverse Events,NewPCI,New Percutaneous Coronary Intervention,,choices,,yes_no,,,,
Adverse Events,NewPCI_DATE,Date of new Percutaneous Coronary Intervention,,date,,,,,,
Adverse Events,NewREVASC,New Revascularization,,choices,,yes_no,,,,
Adverse Events,NewREVASC_DATE,Date of new revascularization,,date,,,,,,
Anthropometry,OBESITY,Whether a patient is classified as obese (BMI>=30) or not,,choices,,yes_no,,,,
Medical History,OSA_OSAS,Sleey or Non-Sleepy OSA; OSA diagnosis (AHI >15) at Embletta screening (based on PG_AHI) ,,choices,,yes_no,,,,
Medical History,PAROXAFTYPE,Paroxysmal atrial fibrilation type,,choices,,PAROXAFTYPE,,,,
Administrative,PATNR,Patient Number,,identifier,,,,,,
Medical History,PCI_CABG,The type of revascularization intervention (PCI or Coronary Artery Bypass Grafting (CABG)),,choices,,PCI_CABG,,,,
Medical History,PCI_INTERV,Percutaneous Coronary Intervention Type (Elective or Acute/Subacute),,choices,,PCI_INTERV,,,,
Sleep and Circadian Studies/Home Sleep Test/Sleep Disordered Breathing/Respiratory Event Frequency Indices,PG_AHI,"Apnea Hyponea Index: (All apneas + hypopneas with 30%-50% flow reduction and with >= 4% oxygen desaturation, and hypopneas with > 50% flow reduction / hour of estimated sleep from type III home sleep apnea test",,numeric,number of events per hour,,rei_ap0nhp3x5x4nhp5x0n_f1t3,,,
Sleep and Circadian Studies/Home Sleep Test/Sleep Disordered Breathing/Respiratory Event Frequency Indices,PG_ODI,Oxygen Desaturation Index (4%) from type III home sleep apnea test,,numeric,number of events per hour,,odi_dsge4_f1t3,,,
Medical History,POSTOPAF,Postoperative atrial fibrillation,,choices,,yes_no,,,,
Sleep and Circadian Studies/Polysomnography/Sleep Disordered Breathing/Apnea-Hypopnea Frequency Indices,PSG_AHI,Apnea-Hypopnea Index: (All apneas + hypopneas with >50% flow reduction or discernible flow reduction with >=4% desat or arousal) / hour of sleep from type II polysomnography,,numeric,number of events per hour,,ahi_ap0uhp5x0u_ap0uhp0x4r_f1t2,,,
Sleep and Circadian Studies/Polysomnography/Sleep Electroencephalogram (EEG)/Arousals,PSG_AROUSAL_TOTAL,Arousal Index: Number of arousals per hour of sleep from type II polysomnography,,numeric,number of events per hour,,phrnumrs,,,
Sleep and Circadian Studies/Polysomnography/Sleep Disordered Breathing/Oxygen Saturation Metrics,PSG_AV_OXYGENSAT_NREM,Average level of oxygen saturation during NREM Sleep from type II polysomnography,,numeric,percent (%),,avglvlsa_sn_f1t2,,,
Sleep and Circadian Studies/Polysomnography/Sleep Disordered Breathing/Oxygen Saturation Metrics,PSG_AV_OXYGENSAT_REM,Average level of oxygen saturation during REM Sleep from type II polysomnography,,numeric,percent (%),,avglvlsa_sr_f1t2,,,
Sleep and Circadian Studies/Polysomnography/Sleep Electroencephalogram (EEG)/Sleep Architecture,PSG_DELTA_MINUTES,Total duration of Stage 3 and 4 sleep from type II polysomnography,,numeric,minutes (min),,ttldursp_s3_f1t2,,,
Sleep and Circadian Studies/Polysomnography/Sleep Electroencephalogram (EEG)/Sleep Architecture,PSG_DELTA_PERCENT,Percentage of total sleep duration in Stage 3 and 4 from type II polysomnography,"Sleep duration is the interval between sleep onset time and lights on/out-bed time while asleep, conventionally called total sleep time.",numeric,percent (%),,pctdursp_s3_f1t2,,,
Sleep and Circadian Studies/Polysomnography/Administrative,PSG_DONE,Indicator of whether overnight polysomnography was conducted,,choices,,yes_no,,,,
Sleep and Circadian Studies/Polysomnography/Cardiac Data Within Sleep,PSG_MEAN_PULSE,Mean pulse from type II polysomnography,,numeric,beats per minute (bpm),,,,,
Sleep and Circadian Studies/Polysomnography/Sleep Disordered Breathing/Apnea-Hypopnea Frequency Indices,PSG_NREM_AHI,Apnea-Hypopnea Index (Non-REM): (All apneas + hypopneas with >50% flow reduction or discernible flow reduction with >=4% desat or arousal) / hour of non-REM sleep from type II polysomnography,,numeric,number of events per hour,,,,,
Sleep and Circadian Studies/Polysomnography/Sleep Disordered Breathing/Oxygen Saturation Metrics,PSG_ODI,Oxygen Desaturation Index (4 %) from type II polysomnography,,numeric,number of events per hour,,odi_dsge4_f1t2,,,
Sleep and Circadian Studies/Polysomnography/Sleep Disordered Breathing/Apnea-Hypopnea Frequency Indices,PSG_REM_AHI,Apnea-Hypopnea Index (REM): (All apneas + hypopneas with >50% flow reduction or discernible flow reduction with >=4% desat or arousal) / hour of REM sleep from type II polysomnography,,numeric,number of events per hour,,,,,
Sleep and Circadian Studies/Polysomnography/Sleep Electroencephalogram (EEG)/Sleep Architecture,PSG_REM_MINUTES,Total duration of Rapid Eye Movement (REM) sleep from type II polysomnography,,numeric,minutes (min),,ttldursp_sr_f1t2,,,
Sleep and Circadian Studies/Polysomnography/Sleep Electroencephalogram (EEG)/Sleep Architecture,PSG_REM_PERCENT,Percentage of sleep time in REM sleep from type II polysomnography,"Sleep duration is the interval between sleep onset time and lights on/out-bed time while asleep, conventionally called total sleep time.",numeric,percent (%),,pctdursp_sr_f1t2,,,
Sleep and Circadian Studies/Polysomnography/Administrative,PSG_SCORED,Indicator of whether PSG was scored,,choices,,yes_no,,,,
Sleep and Circadian Studies/Polysomnography/Sleep Disordered Breathing/Apnea-Hypopnea Frequency Indices,PSG_SUPINE_AHI,Apnea-Hypopnea Index (Supine):  (All apneas + hypopneas with >50% flow reduction or discernible flow reduction with >=4% desat or arousal) / hour of sleep in supine position from type II polysomnography,,numeric,number of events per hour,,,,,
Sleep and Circadian Studies/Polysomnography,PSG_SUPINE_PERC,Percentage of total sleep duration in supine position from type II polysomnography,,numeric,percent (%),,pctdursp_pb_f1t2,,,
Sleep and Circadian Studies/Polysomnography,PSG_SUPINE_TIME,Total duration of sleep in supine position from type II polysomnography,,numeric,minutes (min),,ttldursp_pb_f1t2,,,
Sleep and Circadian Studies/Polysomnography/Sleep Electroencephalogram (EEG)/Sleep Architecture,PSG_TST,Total Sleep Duration: the interval between sleep onset and sleep offset while the participant is asleep from tyep II polysomnography,Conventionally this variable would be called total sleep time (TST)(i.e. total time spent in stage 1 or greater),numeric,minutes (min),,ttldursp_f1t2;tst,,,
Administrative/Randomization,RANDOM_A,CPAP Treatment Randomization (Within Group A),,choices,,RANDOMA,,,,
Sleep Treatment/Adherence/CPAP Adherence,REASON_ENGLISH,Reason of CPAP return,,text,,,,,,
Sleep Treatment/Adherence/CPAP Adherence,RETURN_CLUSTERS,Grouping patients based on the CPAP return reasons,,choices,,RETURN_CLUSTERS,,,,
Administrative,RICCADSA_ID,RICCADSA ID number,,identifier,,,,,,
Physiologic Measurements/Vital Signs/Seated Blood Pressure,SBP_1YR,Systolic blood pressure at 1-year follow-up,,numeric,millimeters of mercury (mmHg),,bp_systolic,,,
Physiologic Measurements/Vital Signs/Seated Blood Pressure,SBP_3M,Systolic blood pressure at 3-month follow-up,,numeric,millimeters of mercury (mmHg),,bp_systolic,,,
Clinical Data/Vital Signs/Seated Blood Pressure,SBP1,Systolic blood pressure at Visit 1 (baseline),,integer,millimeters of mercury (mmHg),,bp_systolic,,,
Sleep Questionnaires/Hypersomnia/Epworth Sleepiness Scale (ESS),SLEEPY,Whether a patient is classified as sleepy (ESS>=10) or not based on ESS at baseline,,choices,,yes_no,epworth;subjective_sleepiness,,,
Lifestyle and Behavioral Health,SMOKE,Smoking Status at baseline,,choices,,smoke_status,smoking,,,
Lifestyle and Behavioral Health,SMOKINGHISTORY_COMMENTS,Additional comments about smoking history,,text,,,smoking,,,
Medical History,STROKE,Whether a patient has had stroke or not at baseline,,choices,,yes_no,,,,
Administrative,STUDYSTARTDATE,The date a patient was enrolled in the RICCADSA study,,date,,,,,,
Administrative/Randomization,SUBGROUPS,Study subgroups based on sleepiness and CPAP treatment,,choices,,SUBGROUPS,,,,
Administrative,SURV_DAYS,Survival days,,numeric,days,,,,,
Administrative,SURV_MONTHS,Survival months,,numeric,months,,,,,
Administrative,SURV_YEARS,Survival years,,numeric,years,,,,,
Sleep Treatment/Adherence/CPAP Adherence,TIME_ON_CPAP,Number of Days between CPAP start date and return date,,numeric,days,,epworth;subjective_sleepiness,(CPAP_return_date-CPAP_start:date)/(60x60x24),,
Sleep Treatment,TREATMENTGROUPS,CPAP treatment groups,,choices,,TREATMENTGROUPS,,,,
Medical History/Medications,V1_ACEINH,Whether the patient is using Angiotensin Converting Enzyme inhibitors at baseline,,choices,,yes_no,,,,
Physiologic Measurements,V1_Angiopoietin_2,Angiopoietin-2 at Visit 1 (baseline),,numeric,nanograms per milliliter (ng/mL),,,,,
Medical History/Medications,V1_ASA,Whether the patient is using Aspirin at baseline,,choices,,yes_no,,,,
Medical History/Medications,V1_AT2ANT,Whether the patient is using Angiotensin-II-receptor antagonists at baseline,,choices,,yes_no,,,,
Medical History/Medications,V1_BBLOCK,Whether the patient is using Beta-Blocker drugs at baseline,,choices,,yes_no,,,,
Medical History/Medications,V1_CAANT,Whether the patient is using Calcium channel antagonists at baseline,,choices,,yes_no,,,,
Medical History/Medications,V1_DIURETIC,Whether the patient is using diuretic drugs at baseline,,choices,,yes_no,,,,
Physiologic Measurements,V1_E_Selectin_CD62E,E-selectin (CD62E) Antibodies at Visit 1 (baseline),,numeric,nanograms per milliliter (ng/mL),,,,,
Sleep Questionnaires/Hypersomnia/Epworth Sleepiness Scale (ESS),V1_ESS,Epworth Sleepiness Score at Visit 1 (baseline) ,,numeric,,,,,,
Medical History/Medications,V1_LIPID,Whether the patient is using Lipid reducing drug at baseline,,choices,,yes_no,,,,
Medical History/Medications,V1_PLAVIX,Whether the patient is using Plavix drug at baseline,,choices,,yes_no,,,,
Physiologic Measurements,V1_RAGE_AGER,Receptor for Advanced Glycation End product at Visit 1 (baseline),,numeric,nanograms per milliliter (ng/mL),,,,,
Sleep Questionnaires/Hypersomnia/Epworth Sleepiness Scale (ESS),V1_SLEEPY,"Whether a patient is classified as sleepy (ESS>=10) or not, based on ESS at Visit 1",,choices,,yes_no,,,,
Physiologic Measurements,V1_SP_D,Surfactant protein D at Visit 1 (baseline),,numeric,nanograms per milliliter (ng/mL),,,,,
Medical History/Medications,V1_SSRI,Whether the patient is using selective seratonin reuptake inhibitor drug at baseline,,choices,,yes_no,,,,
Physiologic Measurements,V1_Tie_2,Angiopoietin-1 receptor (TIE-2) at Visit 1 (baseline),,numeric,nanograms per milliliter (ng/mL),,,,,
Medical History,V1_UNCONTROLLED_BP,Bloop pressure uncontrolled at Visit 1 (baseline),,choices,,yes_no,,,,
Physiologic Measurements,V1_VEGF,Vascular endothelial growth factor at Visit 1 (baseline),,numeric,nanograms per milliliter (ng/mL),,,,,
Medical History/Medications,V1_WARAN,Whether the patient is using Waran at baseline,,choices,,yes_no,,,,
Physiologic Measurements/Cardiovascular Assessments/Echocardiography,V1A,A-Wave (atrial contraction) at Visit 1 (baseline),,numeric,,,,,,
Physiologic Measurements,V1ADIPONECTIN,Adiponectin at Visit 1 (baseline),,numeric,picograms per milliliter (pg/mL),,,,,
General Health and Mood Questionnaires/Mental and Psychiatric Health/Anxiety,V1ANXTOTAL_1,Total anxiety score at Visit 1 (baseline),,numeric,,,,,,
Physiologic Measurements,V1BLOOD,Blood samples collected at Visit 1 (baseline),,choices,,yes_no,,,,
Physiologic Measurements,V1BNP,B-type natriuretic peptide level at Visit 1 (baseline),,numeric,picograms per milliliter (pg/mL),,,,,
Physiologic Measurements,V1CHOLEST,Total Cholesterol Visit 1 (baseline),,numeric,millimoles per liter (mmol/L),,,,,
Physiologic Measurements/Cardiovascular Assessments/Echocardiography,V1CONCENTRICHYPERTROPHY,Concentric Hypertrophy at Visit 1 (baseline),V1RWTpathologic and V1LVM_pathologic,choices,,yes_no,,,,
Physiologic Measurements,V1DATBLD,Date of blood sample collection  at Visit 1 (baseline),,date,,,,,,
General Health and Mood Questionnaires/Mental and Psychiatric Health/Depression,V1DEPRESSED,Indicator of depression (DEPRSCORE >= 50) at Visit 1 (baseline),,choices,,yes_no,,,,
General Health and Mood Questionnaires/Mental and Psychiatric Health/Depression,V1DEPRSCORE,Depression score at Visit 1 (baseline),,numeric,,,,,,
Physiologic Measurements/Cardiovascular Assessments/Echocardiography,V1DT,Deceleration time at Visit 1 (baseline),,numeric,milliseconds (ms),,,,,
Physiologic Measurements/Cardiovascular Assessments/Echocardiography,V1E,E-Wave (early rapid filling) at Visit 1 (baseline),,numeric,,,,,,
Physiologic Measurements/Cardiovascular Assessments/Echocardiography,V1EA,E/A Ratio at Visit 1 (baseline),,numeric,,,,,,
Physiologic Measurements/Cardiovascular Assessments/Echocardiography,V1EApathologic,Indicator of pathologic E/A ratio ,,choices,,yes_no,,,,
Administrative,V1ECHO,Transthoracic Echocardiogram done at Visit 1 (baseline),,choices,,yes_no,,,,
Physiologic Measurements/Cardiovascular Assessments/Echocardiography,V1ECHO_AF,Atrial fibrilation from Echocardiogram at Visit 1 (baseline),,choices,,yes_no,,,,
Physiologic Measurements/Cardiovascular Assessments/Echocardiography,V1ECHO_PACEMAKER,Pacemaker from Echocardiogram at Visit 1 (baseline),,choices,,yes_no,,,,
Physiologic Measurements/Cardiovascular Assessments/Echocardiography,V1ECHO_VALVE_ABNORM,Abnormal Valve from Echocardiogram at Visit 1 (baseline),,choices,,yes_no,,,,
Administrative,V1ECHODATE,Date of Echocardiogram at Visit 1 (baseline),,date,,,,,,
Physiologic Measurements/Cardiovascular Assessments/Echocardiography,V1Ee,E/e' Ratio at Visit 1 (baseline),,numeric,,,,,,
Physiologic Measurements/Cardiovascular Assessments/Echocardiography,V1Eepathologic,Pathologic E/e' at Visit 1 (baseline),E/e' >=15 is considered pathologic ,choices,,yes_no,,,,
Physiologic Measurements/Cardiovascular Assessments/Echocardiography,V1Em,Septal e'  velocity at Visit 1 (baseline),,numeric,cm/s,,,,,
Physiologic Measurements/Cardiovascular Assessments/Echocardiography,V1Empathologic,Pathological septal e'  velocity at Visit 1 (baseline),Low Em thresholds: < 40 years old - =< 10; 40-59 years old - =< 8; >= 60 years old - =<6) <br> Low Em reflects impared relazation and diastolic dysfunction ,choices,,yes_no,,,,
Physiologic Measurements,V1EVF,Ejection Fraction at Visit 1 (baseline),,numeric,fraction (L/L),,,,,
Physiologic Measurements,V1GLUCOS,Blood Glucose at Visit 1 (baseline),,numeric,millimoles per liter (mmol/L),,,,,
Physiologic Measurements,V1HB,Hemoglobin at Visit 1 (baseline),,numeric,grams per liter (g/L),,,,,
Physiologic Measurements,V1HDL,High Density Lipoprotein at Visit 1 (baseline),,numeric,millimoles per liter (mmol/L),,,,,
Physiologic Measurements/Cardiovascular Assessments/Echocardiography,V1HFpEF_like,Binary indicator of having at least 2 of the 5 HFpEF-related abnormalities at Visit 1,,choices,,yes_no,,,,
Physiologic Measurements/Cardiovascular Assessments/Echocardiography,V1HFpEF_like_score,Composite score (0–5) representing the number of heart failure with preserved ejection fraction (HFpEF)-related abnormalities at Visit 1,"Abnormalities include: dilated left atrial diameter, pathologic E/e′, pathologic left ventricular mass, pulmonary hypertension, and elevated NT-proBNP.",integer,,,,,,
Physiologic Measurements,V1HS_CRP,High Sensitivity C-Reactive Protein at Visit 1 (baseline),,numeric,milligrams per liter (mg/L),,,,,
Physiologic Measurements,V1HS_CRP_UNDER1,High Sensitivity C-Reactive Protein under 1 at Visit 1,,choices,,CRP_1,,,,
Physiologic Measurements,V1HS_CRP_UNDER3,High Sensitivity C-Reactive Protein under 3 at Visit 1,,choices,,CRP_3,,,,
Physiologic Measurements,V1ICAM1,Intercellular cell adhesion molecule-1 (ICAM-1) at Visit 1 (baseline),,numeric,nanograms per milliliter (ng/mL),,,,,
Physiologic Measurements,V1IL6,Interleukin-6 at Visit 1 (baseline),,numeric,picograms per milliliter (pg/mL),,,,,
Physiologic Measurements,V1IL8,Interleukin-8 at Visit 1 (baseline),,numeric,picograms per milliliter (pg/mL),,,,,
Physiologic Measurements,V1INSULIN,Insulin at Visit 1 (baseline),,numeric,picograms per milliliter (pg/mL),,,,,
Physiologic Measurements/Cardiovascular Assessments/Echocardiography,V1IVS,Interventricular Septum (IVS) thickness at Visit 1 (baseline),,numeric,millimeters (mm),,,,,
Physiologic Measurements/Cardiovascular Assessments/Echocardiography,V1LA,Left atrial diameter at Visit 1 (baseline),,numeric,millimeters (mm),,,,,
Physiologic Measurements/Cardiovascular Assessments/Echocardiography,V1LA_dilated,Dialated left atrial diameter at Visit 1 (baseline),Left atrial diameter > 40 for men or >39 for women is considered dialated,choices,,yes_no,,,,
Physiologic Measurements,V1LDL,Low Density Lipoprotein at Visit 1 (baseline),,numeric,millimoles per liter (mmol/L),,,,,
Physiologic Measurements,V1LEPTIN,Leptin at Visit 1 (baseline),,numeric,picograms per milliliter (pg/mL),,,,,
Physiologic Measurements,V1LPK,Leukocytes/ WBC Count at Visit 1 (baseline),,numeric,10^9/L,,,,,
Physiologic Measurements/Cardiovascular Assessments/Echocardiography,V1LVDD,Left ventricular dimension at end-diastole at Visit 1 (baseline),,numeric,millimeters (mm),,,,,
Physiologic Measurements/Cardiovascular Assessments/Echocardiography,V1LVDS,Left ventricular dimension at end-systole at Visit 1 (baseline),,numeric,millimeters (mm),,,,,
Physiologic Measurements,V1LVEF,Left Ventricular ejection fraction at Visit 1 (baseline),,numeric,percent (%),,,,,
Physiologic Measurements/Cardiovascular Assessments/Echocardiography,V1LVM,Left Ventricular Mass (LVM) at Visit 1 (baseline),,numeric,grams,,,0.8 * (1.04 * (V1IVSd + V1LVDd + V1LVPWd) ** 3) - V1LVDd ** 3) / 1000 + 0.6,,
Physiologic Measurements/Cardiovascular Assessments/Echocardiography,V1LVMI,Left Ventricular Mass Index (LVMI) at Visit 1 (baseline),,numeric,grams per meter squared (g/m2),,,V1_LVM / ((0.01 * LENGTH) ** 2.7),,
Physiologic Measurements/Cardiovascular Assessments/Echocardiography,V1LVMpathologic,Pathologic LVM at Visit 1 (baseline),,choices,,yes_no,,,,
Physiologic Measurements/Cardiovascular Assessments/Echocardiography,V1LVPW,Left Ventricular Posterior Wall (LVPW) thickness at Visit 1 (baseline),,numeric,millimeters (mm),,,,,
Physiologic Measurements,V1MMP9,Matrix Metalloproteinase-9 (MMP9) at Visit 1 (baseline),,numeric,picograms per milliliter (pg/mL),,,,,
Physiologic Measurements,V1MPO,Myeloperoxidase antibody at Visit 1 (baseline),,numeric,picograms per milliliter (pg/mL),,,,,
Physiologic Measurements/Cardiovascular Assessments/Echocardiography,V1NTproBNP_High,High N-terminal pro b-type natriuretic peptide levels at Visit 1 (baseline) ,NTproBNP >=125  is high ,choices,,yes_no,,,,
Physiologic Measurements/Cardiovascular Assessments/Echocardiography,V1PAP,Pulmonary arterial pressure (PAP) at at Visit 1(baseline),,numeric,millimeters of mercury (mmHg),,,,,
Physiologic Measurements/Cardiovascular Assessments/Echocardiography,V1PH,Pulmonary Hypertention at Visit 1 (baseline),PAH >= 35 is classified as Pulmonary Hypertension ,choices,,yes_no,,,,
Physiologic Measurements/Cardiovascular Assessments/Echocardiography,V1PMAXTV,Tricuspid Valve Maximum pressure  at Visit 1(baseline),,numeric,millimeters of mercury (mmHg),,,,,
Physiologic Measurements/Cardiovascular Assessments/Echocardiography,V1RWT,Relative Wall Thickness (RWT) at Visit 1 (baseline),,numeric,,,,(2*LVPW)/LVDD,,
Physiologic Measurements/Cardiovascular Assessments/Echocardiography,V1RWTpathologic,Pathologic RWT at Visit 1 (baseline),"RWT > 0.43 is considered pathologic, indicates concentric remodeling or hypertrophy",choices,,yes_no,,,,
Physiologic Measurements,V1SD,Binary Indicator of left ventricular ejection fraction over 50 at Visit 1 (baseline),,choices,,LVEF50,,,,
Physiologic Measurements,V1TNFALFA,Tumor Necrosis Factor-alpha at Visit 1 (baseline),,numeric,picograms per milliliter (pg/mL),,,,,
Physiologic Measurements,V1TOTALPAI1,Total Plasminogen Activator Inhibitor-1 at Visit 1 (baseline),,numeric,picograms per milliliter (pg/mL),,,,,
Physiologic Measurements,V1TPK,Platelet Count at Visit 1 (baseline),,numeric,10^9/L,,,,,
Physiologic Measurements/Cardiovascular Assessments/Echocardiography,V1TRICUSPIDINSUFF,Tricuspid insufficiency at Visit 1(baseline),,choices,,yes_no,,,,
Physiologic Measurements,V1TRIGL,Triglycerides at Visit 1 (baseline),,numeric,millimoles per liter (mmol/L),,,,,
Physiologic Measurements,V1VCAM1,Vascular Cell Adhesion Molecule-1 (VCAM1) at Visit 1 (baseline),,numeric,nanograms per milliliter (ng/mL),,,,,
Physiologic Measurements/Cardiovascular Assessments/Echocardiography,V1VMAXTV,Tricuspid Valve Maximum Velocity at Visit 1(baseline),,numeric,meters per second (m/s),,,,,
Medical History/Medications,V2_ACEINH,Whether the patient is using Angiotensin Converting Enzyme inhibitors at Visit 2 (3 month follow-up),,choices,,yes_no,,,,
Physiologic Measurements/Cardiovascular Assessments,V2_AGE_ADJ_MAX_ACHIEVABLE_EFFORT,Age adjusted maximal achievable effort during maximal exercise test at Visit 2 (3-month follow-up),,numeric,watts (W),,,,,
Physiologic Measurements/Cardiovascular Assessments,V2_AGE_ADJ_MAX_ACHIEVABLE_HR,Age adjusted maximal achievable Heart Rate at Visit 2 (3-month follow-up),Max achievable HR: (220 - age at time of exercise test),numeric,beats per minute (bpm),,,,,
Physiologic Measurements,V2_Angiopoietin_2,Angiopoietin-2 at Visit 2 (3 month follow-up),,numeric,nanograms per milliliter (ng/mL),,,,,
Medical History/Medications,V2_ASA,Whether the patient is using Aspirin at Visit 2 (3 month follow-up),,choices,,yes_no,,,,
Medical History/Medications,V2_AT2ANT,Whether the patient is using Angiotensin-II-receptor antagonists at Visit 2 (3 month follow-up),,choices,,yes_no,,,,
Medical History/Medications,V2_BBLOCK,Whether the patient is using Beta-Blocker drugs at Visit 2 (3 month follow-up),,choices,,yes_no,,,,
Physiologic Measurements,V2_BLOOD,Blood samples collected at Visit 2 (3 month follow-up),,choices,,yes_no,,,,
Physiologic Measurements/Cardiovascular Assessments,V2_BP_R1M,Blood pressure at 1 minute post-exercise at Visit 2 (3-month follow-up),,numeric,millimeters of mercury (mmHg),,,,,
Physiologic Measurements/Cardiovascular Assessments,V2_BP_R4M,Blood pressureat 4 minutes post-exercise at Visit 2 (3-month follow-up),,numeric,millimeters of mercury (mmHg),,,,,
Medical History/Medications,V2_CAANT,Whether the patient is using Calcium channel antagonists at Visit 2 (3 month follow-up),,choices,,yes_no,,,,
Physiologic Measurements/Cardiovascular Assessments,V2_CHRONOTROPIC_INCOMPETENCE,Chronotropic incompetence at Visit 2 (3-month follow-up),Chonotropic response =<0.8 is considered ,choices,,yes_no,,,,
Physiologic Measurements/Cardiovascular Assessments,V2_CHRONOTROPIC_RESPONSE,Chronotropic response during maximal exercise test at Visit 2 (3-month follow-up),,numeric,,,,(V2_MAX_HR - V2_HR_REST) / (V2_AGE_ADJ_MAX_ACHIEVABLE - V2_HR_REST),,
Physiologic Measurements,V2_DATE_BLOOD,Date of blood sample collection at Visit 2 (3 month follow-up),,date,,,,,,
Physiologic Measurements/Vital Signs,V2_DBP_REST,Resting diastolic blood pressure at Visit 2 (3-month follow-up),,numeric,millimeters of mercury (mmHg),,,,,
Physiologic Measurements,V2_DELTA_HS_CRP,Change in High Sensitivity C-Reactive Protein at Visit 2 compared to Visit 1,,numeric,milligrams per liter (mg/L),,,,,
Physiologic Measurements,V2_DELTA_IL6,Change in Interleukin-6  at Visit 2 compared to Visit 1,,numeric,picograms per milliliter (pg/mL),,,,,
Physiologic Measurements,V2_DELTA_IL8,Change in Interleukin-8 at Visit 2 compared to Visit 1,,numeric,picograms per milliliter (pg/mL),,,,,
Physiologic Measurements,V2_DELTA_MMP9,Change in MMP9 at Visit 2 compared to Visit 1,,numeric,picograms per milliliter (pg/mL),,,,,
Physiologic Measurements,V2_DELTA_MPO,Change in MPO at Visit 2 compared to Visit 1,,numeric,picograms per milliliter (pg/mL),,,,,
Physiologic Measurements,V2_DELTA_TNFALFA,Change in Tumor Necrosis Factor-alpha at Visit 2 compared to Visit 1,,numeric,picograms per milliliter (pg/mL),,,,,
Medical History/Medications,V2_DIURETIC,Whether the patient is using diuretic drugs at Visit 2 (3 month follow-up),,choices,,yes_no,,,,
Physiologic Measurements,V2_E_Selectin_CD62E,E-selectin (CD62E) Antibodies at Visit 2 (3 month follow-up),,numeric,nanograms per milliliter (ng/mL),,,,,
Administrative,V2_EXERCISE_DATE,Date of maximal exercise test at Visit 2,,date,,,,,,
Administrative,V2_EXERCISE_PERFORMED,Maximal exercise test performed at Visit 2 (3-month follow-up),,choices,,yes_no,,,,
Administrative,V2_EXERCISE_TIME,Exercise time during maximal exercise test at Visit 2 (3-month follow-up),,numeric,minutes (min),,,,,
Physiologic Measurements/Cardiovascular Assessments,V2_HR_P1M,Heart rate at 1 minute Post-Exercise at Visit 2 (3-month follow-up),,numeric,beats per minute (bpm),,,,,
Physiologic Measurements/Cardiovascular Assessments,V2_HR_P4M,Heart rate at 4 minutes Post-Exercise at Visit 2 (3-month follow-up),,numeric,beats per minute (bpm),,,,,
Physiologic Measurements/Cardiovascular Assessments,V2_HR_REST,Resting heart rate at Visit 2 (3-month follow-up),,numeric,percent (%),,,,,
Physiologic Measurements/Cardiovascular Assessments,V2_HRR_1M,Heart rate recovery at 1 minute post-exercise at Visit 2 (3-month follow-up),,numeric,beats per minute (bpm),,,V2_MAX_HR-V2_HR_P1M,,
Physiologic Measurements/Cardiovascular Assessments,V2_HRR_4M,Heart rate recovery at 4 minutes post-exercise at Visit 2 (3-month follow-up),,numeric,beats per minute (bpm),,,V2_MAX_HR-V2_HR_P4M,,
Physiologic Measurements/Cardiovascular Assessments,V2_IMPAIRED_HRR_1M,Impared heart rate recovery at 1 minute post-exercise at Visit 2 (3-month follow-up),HRR =< 12 bpm is considered impared,choices,,yes_no,,,,
Medical History/Medications,V2_LIPID,Whether the patient is using Lipid reducing drug at Visit 2 (3 month follow-up),,choices,,yes_no,,,,
Physiologic Measurements/Cardiovascular Assessments,V2_MAX_BP,Systolic blood pressure at maximum effort at Visit 2 (3-month follow-up),,numeric,millimeters of mercury (mmHg),,,,,
Physiologic Measurements/Cardiovascular Assessments,V2_MAX_HR,Peak heart rate during maximal exercise test at Visit 2 (3-month follow-up),,numeric,beats per minute (bpm),,,,,
Physiologic Measurements/Cardiovascular Assessments,V2_PERC_MAX_WATT,Percent of maximum workload (Watts) achieved at Visit 2 (3-month follow-up),,numeric,percent (%),,,,,
Physiologic Measurements/Cardiovascular Assessments,V2_PERFORMED_MAX_EFFORT,Maximal effort performed Visit 2 (3-month follow-up),,numeric,watts (W),,,,,
Medical History/Medications,V2_PLAVIX,Whether the patient is using Plavix drug at Visit 2 (3 month follow-up),,choices,,yes_no,,,,
Physiologic Measurements,V2_RAGE_AGER,Receptor for Advanced Glycation End product at Visit 2 (3 month follow-up),,numeric,nanograms per milliliter (ng/mL),,,,,
Administrative,V2_RECOVERY_TIME_TOTAL,Total recovery time during maximal exercise test at Visit 2 (3-month follow-up),,numeric,minutes (min),,,,,
Physiologic Measurements/Vital Signs,V2_SBP_REST,Resting systolic blood pressure at Visit 2 (3-month follow-up),,numeric,millimeters of mercury (mmHg),,,,,
Sleep Questionnaires/Hypersomnia/Epworth Sleepiness Scale (ESS),V2_SLEEPY,"Whether a patient is classified as sleepy (ESS>=10) or not, based on ESS at Visit 2",,choices,,yes_no,,,,
Physiologic Measurements,V2_SP_D,Surfactant protein D at Visit 2 (3 month follow-up),,numeric,nanograms per milliliter (ng/mL),,,,,
Medical History/Medications,V2_SSRI,Whether the patient is using selective seratonin reuptake inhibitor drug at Visit 2 (3 month follow-up),,choices,,yes_no,,,,
Physiologic Measurements,V2_Tie_2,Angiopoietin-1 receptor (TIE-2) at Visit 2 (3 month follow-up),,numeric,nanograms per milliliter (ng/mL),,,,,
Physiologic Measurements,V2_VEGF,Vascular endothelial growth factor at Visit 2 (3 month follow-up),,numeric,nanograms per milliliter (ng/mL),,,,,
Medical History/Medications,V2_WARAN,Whether the patient is using Waran at Visit 2 (3 month follow-up),,choices,,yes_no,,,,
Physiologic Measurements/Cardiovascular Assessments/Echocardiography,V2A,A-Wave (atrial contraction) at Visit 2 (3-month follow-up),,numeric,,,,,,
Physiologic Measurements,V2ADIPONECTIN,Adiponectin at Visit 2 (3 month follow-up),,numeric,picograms per milliliter (pg/mL),,,,,
General Health and Mood Questionnaires/Mental and Psychiatric Health/Anxiety,V2ANXTOTAL_1,Total anxiety score at Visit 2 (3-month follow-up),,numeric,,,,,,
Physiologic Measurements,V2BLOOD,Blood samples collected at Visit 2 (3 month follow-up),,choices,,yes_no,,,,
Physiologic Measurements,V2BNP,B-type natriuretic peptide level at Visit 2 (3 month follow-up),,numeric,picograms per milliliter (pg/mL),,,,,
Physiologic Measurements/Cardiovascular Assessments/Echocardiography,V2CONCENTRICHYPERTROPHY,Concentric Hypertrophy at Visit 2 (3-month follow-up),,choices,,yes_no,,,,
Physiologic Measurements,V2DATBLD,Date of blood sample collection at Visit 2 (3 month follow-up),,date,,,,,,
General Health and Mood Questionnaires/Mental and Psychiatric Health/Depression,V2DEPRESSED,Indicator of depression (DEPRSCORE >= 50) at Visit 2 (3-month follow-up),,choices,,yes_no,,,,
General Health and Mood Questionnaires/Mental and Psychiatric Health/Depression,V2DEPRSCORE,Depression score at Visit 2 (3-month follow-up),,numeric,,,,,,
Physiologic Measurements/Cardiovascular Assessments/Echocardiography,V2DT,Deceleration time at Visit 2 (3-month follow-up),,numeric,milliseconds (ms),,,,,
Physiologic Measurements/Cardiovascular Assessments/Echocardiography,V2E,E-Wave (early rapid filling) at Visit 2 (3-month follow-up),,numeric,,,,,,
Physiologic Measurements/Cardiovascular Assessments/Echocardiography,V2EA,E/A Ratio at Visit 2 (3-month follow-up),,numeric,,,,,,
Physiologic Measurements/Cardiovascular Assessments/Echocardiography,V2EApathologic,Pathologic E/A ratio at Visit 2 (3-month follow-up),E/A < 0.8 is considered pathologic,choices,,yes_no,,,,
Administrative,V2ECHO,Echocardiogram done at Visit 2 (3-month follow-up),,choices,,yes_no,,,,
Physiologic Measurements/Cardiovascular Assessments/Echocardiography,V2ECHO_AF,Atrial fibrilation from Echocardiogram at Visit 2 (3-month follow-up),,choices,,yes_no,,,,
Administrative,V2ECHO_DATE,Date of Echocardiogram at Visit 2 (3-month follow-up),,date,,,,,,
Physiologic Measurements/Cardiovascular Assessments/Echocardiography,V2ECHO_PACEMAKER,Pacemaker from Echocardiogram at Visit 2 (3-month follow-up),,choices,,yes_no,,,,
Physiologic Measurements/Cardiovascular Assessments/Echocardiography,V2ECHO_VALVE_ABNORM,Abnormal Valve from Echocardiogram at Visit 2 (3-month follow-up),,choices,,yes_no,,,,
Physiologic Measurements/Cardiovascular Assessments/Echocardiography,V2Ee,E/e' Ratio at Visit 2 (3-month follow-up),,numeric,,,,,,
Physiologic Measurements/Cardiovascular Assessments/Echocardiography,V2Eepathologic,Pathologic E/e' at Visit 2 (3-month follow-up),E/e' >=15 is considered pathologic ,choices,,yes_no,,,,
Physiologic Measurements/Cardiovascular Assessments/Echocardiography,V2Em,Septal e'  velocity at Visit 2 (3-month follow-up),,numeric,m/s,,,,,
Physiologic Measurements/Cardiovascular Assessments/Echocardiography,V2Empathologic,Pathologic septal e'  velocity at Visit 2 (3-month follow-up),Pathologic Em thresholds: < 40 years old - =< 10; 40-59 years old - =< 8; >= 60 years old - =<6) <br> Low Em reflects impared relazation and diastolic dysfunction ,choices,,yes_no,,,,
Physiologic Measurements,V2EVF,Ejection Fraction at Visit 2 (3 month follow-up),,numeric,fraction (L/L),,,,,
Physiologic Measurements,V2GLUCOS,Blood Glucose at Visit 2 (3 month follow-up),,numeric,millimoles per liter (mmol/L),,,,,
Physiologic Measurements,V2HB,Hemoglobin at Visit 2 (3 month follow-up),,numeric,grams per liter (g/L),,,,,
Physiologic Measurements,V2HDL,High Density Lipoprotein at Visit 2 (3 month follow-up),,numeric,millimoles per liter (mmol/L),,,,,
Physiologic Measurements,V2HS_CRP,High Sensitivity C-Reactive Protein at Visit 2 (3 month follow-up),,numeric,milligrams per liter (mg/L),,,,,
Physiologic Measurements,V2HS_CRP_UNDER1,High Sensitivity C-Reactive Protein under 1 at Visit 2,,choices,,CRP_1,,,,
Physiologic Measurements,V2HS_CRP_UNDER3,High Sensitivity C-Reactive Protein under 3 at Visit 2,,choices,,CRP_3,,,,
Physiologic Measurements,V2ICAM1,Intercellular cell adhesion molecule-1 (ICAM-1) at Visit 2 (3 month follow-up),,numeric,nanograms per milliliter (ng/mL),,,,,
Physiologic Measurements,V2IL6,Interleukin-6 at Visit 2 (3 month follow-up),,numeric,picograms per milliliter (pg/mL),,,,,
Physiologic Measurements,V2IL8,Interleukin-8 at Visit 2 (3 month follow-up),,numeric,picograms per milliliter (pg/mL),,,,,
Physiologic Measurements,V2INSULIN,Insulin at Visit 2 (3 month follow-up),,numeric,picograms per milliliter (pg/mL),,,,,
Physiologic Measurements/Cardiovascular Assessments/Echocardiography,V2IVS,Interventricular Septum (IVS) thickness at Visit 2 (3-month follow-up),,numeric,millimeters (mm),,,,,
Physiologic Measurements/Cardiovascular Assessments/Echocardiography,V2LA,Left atrial diameter at Visit 2 (3-month follow-up),,numeric,millimeters (mm),,,,,
Physiologic Measurements/Cardiovascular Assessments/Echocardiography,V2LA_pathologic,Pathologic left atrial diameter at Visit 2 (3-month follow-up),,choices,,yes_no,,,,
Physiologic Measurements,V2LDL,Low Density Lipoprotein at Visit 2 (3 month follow-up),,numeric,millimoles per liter (mmol/L),,,,,
Physiologic Measurements,V2LEPTIN,Leptin at Visit 2 (3 month follow-up),,numeric,picograms per milliliter (pg/mL),,,,,
Physiologic Measurements,V2LPK,Leukocytes/ WBC Count at Visit 2 (3 month follow-up),,numeric,10^9/L,,,,,
Physiologic Measurements/Cardiovascular Assessments/Echocardiography,V2LVDD,Left ventricular dimension at end-diastole (LVDD) at Visit 2 (3-month follow-up),,numeric,millimeters (mm),,,,,
Physiologic Measurements/Cardiovascular Assessments/Echocardiography,V2LVDS,Left ventricular dimension at end-systole (LVDS) at Visit 2 (3-month follow-up),,numeric,millimeters (mm),,,,,
Physiologic Measurements,V2LVEF,Left ventricular ejection fraction at Visit 2 (3 month follow-up),,numeric,percent (%),,,,,
Physiologic Measurements/Cardiovascular Assessments/Echocardiography,V2LVM,Left Ventricular Mass (LVM) at Visit 2 (3-month follow-up),,numeric,grams,,,,,
Physiologic Measurements/Cardiovascular Assessments/Echocardiography,V2LVM_pathologic,Pathologic LVM at Visit 2 (3-month follow-up),,choices,,yes_no,,,,
Physiologic Measurements/Cardiovascular Assessments/Echocardiography,V2LVMI,Left Ventricular Mass Index (LVMI) at Visit 2 (3-month follow-up),,numeric,grams per meter squared (g/m2),,,,,
Physiologic Measurements/Cardiovascular Assessments/Echocardiography,V2LVPW,Left Ventricular Posterior Wall (LVPW) thickness at Visit 2 (3-month follow-up),,numeric,millimeters (mm),,,,,
Physiologic Measurements,V2MMP9,Matrix Metalloproteinase-9 (MMP9) at Visit 2 (3 month follow-up),,numeric,picograms per milliliter (pg/mL),,,,,
Physiologic Measurements,V2MPO,Myeloperoxidase antibody at Visit 2 (3 month follow-up),,numeric,picograms per milliliter (pg/mL),,,,,
Physiologic Measurements/Cardiovascular Assessments/Echocardiography,V2PAP,Pulmonary arterial pressure (PAP) at at Visit 2 (3-month follow-up),,numeric,millimeters of mercury (mmHg),,,,,
Physiologic Measurements/Cardiovascular Assessments/Echocardiography,V2PH,Pulmonary Hypertention at Visit 2 (3-month follow-up),PAH >= 35 is classified as Pulmonary Hypertension ,choices,,yes_no,,,,
Physiologic Measurements/Cardiovascular Assessments/Echocardiography,V2PMAXTV,Tricuspid Valve Maximum pressure at Visit 2 (3-month follow-up),,numeric,millimeters of mercury (mmHg),,,,,
Physiologic Measurements/Cardiovascular Assessments/Echocardiography,V2RWT,Relative Wall Thickness (RWT) at Visit 2 (3-month follow-up),,numeric,,,,,,
Physiologic Measurements/Cardiovascular Assessments/Echocardiography,V2RWT_pathologic,Pathologic RWT at Visit 2 (3-month follow-up),"RWT > 0.43 is considered pathologic, indicates concentric remodeling or hypertrophy",choices,,yes_no,,,,
Physiologic Measurements,V2SD,Binary Indicator of left ventricular ejection fraction over 50 at Visit 2 (3 month follow-up),,choices,,LVEF50,,,,
Physiologic Measurements,V2TNFALFA,Tumor Necrosis Factor-alpha at Visit 2 (3 month follow-up),,numeric,picograms per milliliter (pg/mL),,,,,
Physiologic Measurements,V2TOTALPAI1,Total Plasminogen Activator Inhibitor-1 at Visit 2 (3 month follow-up),,numeric,picograms per milliliter (pg/mL),,,,,
Physiologic Measurements,V2TPK,Platelet Count at Visit 2 (3 month follow-up),,numeric,10^9/L,,,,,
Physiologic Measurements/Cardiovascular Assessments/Echocardiography,V2TRICUSPIDINSUFF,Tricuspid insufficiency at Visit 2 (3-month follow-up),,choices,,yes_no,,,,
Physiologic Measurements,V2TRIGL,Triglycerides at Visit 2 (3 month follow-up),,numeric,millimoles per liter (mmol/L),,,,,
Physiologic Measurements,V2VCAM1,Vascular Cell Adhesion Molecule-1 (VCAM1) at Visit 2 (3 month follow-up),,numeric,nanograms per milliliter (ng/mL),,,,,
Physiologic Measurements/Cardiovascular Assessments/Echocardiography,V2VMAXTV,Tricuspid Valve Maximum Velocity at Visit 2 (3-month follow-up),,numeric,meters per second (m/s),,,,,
Medical History/Medications,V3_ACEINH,Whether the patient is using Angiotensin Converting Enzyme inhibitors at Visit 3 (1 year follow-up),,choices,,yes_no,,,,
Physiologic Measurements/Cardiovascular Assessments,V3_AGE_ADJ_MAX_ACHIEVABLE_HR,Age adjusted maximal achievable Heart Rate at Visit 3 (1-year follow-up),Max achievable HR: (220 - age at time of exercise test),numeric,beats per minute (bpm),,,,,
Physiologic Measurements,V3_Angiopoietin_2,Angiopoietin-2 at Visit 3 (1 year follow-up),,numeric,nanograms per milliliter (ng/mL),,,,,
Medical History/Medications,V3_ASA,Whether the patient is using  Aspirin at Visit 3 (1 year follow-up),,choices,,yes_no,,,,
Medical History/Medications,V3_AT2ANT,Whether the patient is using Angiotensin-II-receptor antagonists at Visit 3 (1 year follow-up),,choices,,yes_no,,,,
Medical History/Medications,V3_BBLOCK,Whether the patient is using Beta-Blocker drugs at Visit 3 (1 year follow-up),,choices,,yes_no,,,,
Physiologic Measurements,V3_BLOOD,Blood samples collected at Visit 3 (1 year follow-up),,choices,,yes_no,,,,
Physiologic Measurements/Cardiovascular Assessments,V3_BP_R1M,Blood pressure at 1 minute post-exercise at Visit 3 (1-year follow-up),,numeric,millimeters of mercury (mmHg),,,,,
Physiologic Measurements/Cardiovascular Assessments,V3_BP_R4M,Blood pressureat 4 minutes post-exercise at Visit 3 (1-year follow-up),,numeric,millimeters of mercury (mmHg),,,,,
Medical History/Medications,V3_CAANT,Whether the patient is using Calcium channel antagonists at Visit 3 (1 year follow-up),,choices,,yes_no,,,,
Physiologic Measurements/Cardiovascular Assessments,V3_CHRONOTROPIC_INCOMPETENCE,Chronotropic incompetence at Visit 3 (1-year follow-up),Chonotropic response =<0.8 is considered ,choices,,yes_no,,,,
Physiologic Measurements/Cardiovascular Assessments,V3_CHRONOTROPIC_RESPONSE,Chronotropic response during maximal exercise test at Visit 3 (1-year follow-up),,numeric,,,,(V2_MAX_HR - V2_HR_REST) / (V2_AGE_ADJ_MAX_ACHIEVABLE - V2_HR_REST),,
Lifestyle and Behavioral Health,V3_CURRENTSMOKER,Whether a patient is currently smoking at time of Visit 3 (1-year follow up) or not,,choices,,smoke_current,smoking,,,
Physiologic Measurements,V3_DATE_BLOOD,Date of blood sample collection at Visit 3 (1 year follow-up),,date,,,,,,
Physiologic Measurements/Cardiovascular Assessments,V3_DBP_REST,Resting diastolic blood pressure at Visit 3 (1-year follow-up),,numeric,millimeters of mercury (mmHg),,,,,
Physiologic Measurements,V3_DELTA_BNP,Change in B-type natriuretic peptide level at Visit 3,,numeric,picograms per milliliter (pg/mL),,,,,
Sleep Questionnaires/Hypersomnia/Epworth Sleepiness Scale (ESS),V3_DELTA_ESS,Number of Days between CPAP start and returned,,numeric,,,,,,
Physiologic Measurements,V3_DELTA_HS_CRP,Change in High Sensitivity C-Reactive Protein at Visit 3 compared to Visit 1,,numeric,milligrams per liter (mg/L),,,,,
Physiologic Measurements,V3_DELTA_IL6,Change in Interleukin-6 at Visit 3 compared to Visit 1,,numeric,picograms per milliliter (pg/mL),,,,,
Physiologic Measurements,V3_DELTA_IL8,Change in Interleukin-8 at Visit 3 compared to Visit 1,,numeric,picograms per milliliter (pg/mL),,,,,
Physiologic Measurements,V3_DELTA_MMP9,Change in MMP9 at Visit 3 compared to Visit 1,,numeric,picograms per milliliter (pg/mL),,,,,
Physiologic Measurements,V3_DELTA_MPO,Change in MPO at Visit 3 compared to Visit 1,,numeric,picograms per milliliter (pg/mL),,,,,
Physiologic Measurements,V3_DELTA_TNFALFA,Change in Tumor Necrosis Factor-alpha at Visit 3 compared to Visit 1,,numeric,picograms per milliliter (pg/mL),,,,,
Medical History/Medications,V3_DIURETIC,Whether the patient is using diuretic drugs at Visit 3 (1 year follow-up),,choices,,yes_no,,,,
Physiologic Measurements,V3_E_Selectin_CD62E,E-selectin (CD62E) Antibodies at Visit 3 (1 year follow-up),,numeric,nanograms per milliliter (ng/mL),,,,,
Sleep Questionnaires/Hypersomnia/Epworth Sleepiness Scale (ESS),V3_ESS,Epworth Sleepiness Score at Visit 3 (1-year follow-up),,numeric,,,epworth;subjective_sleepiness,,,
Physiologic Measurements/Cardiovascular Assessments,V3_EXERCISE_DATE,Date of maximal exercise test at Visit 3,,date,,,,,,
Physiologic Measurements/Cardiovascular Assessments,V3_EXERCISE_PERFORMED,Maximal exercise test performed at Visit 3 (1-year follow-up),,choices,,yes_no,,,,
Physiologic Measurements/Cardiovascular Assessments,V3_EXERCISE_TIME,Exercise time during maximal exercise test at Visit 3 (1-year follow-up),,numeric,minutes (min),,,,,
Physiologic Measurements/Cardiovascular Assessments,V3_HR_P1M,Heart rate at 1 minute post-exercise at Visit 3 (1-year follow-up),,numeric,beats per minute (bpm),,,,,
Physiologic Measurements/Cardiovascular Assessments,V3_HR_P4M,Heart rate at 4 minutes post-exercise at Visit 3 (1-year follow-up),,numeric,beats per minute (bpm),,,,,
Physiologic Measurements/Cardiovascular Assessments,V3_HR_REST,Resting heart rate at Visit 3 (1-year follow-up),,numeric,beats per minute (bpm),,,,,
Physiologic Measurements/Cardiovascular Assessments,V3_HRR_1M,Heart rate recovery at 1 minute post-exercise at Visit 3 (1-year follow-up),,numeric,beats per minute (bpm),,,V2_MAX_HR-V2_HR_P1M,,
Physiologic Measurements/Cardiovascular Assessments,V3_HRR_4M,Heart rate recovery at 4 minutes post-exercise at Visit 3 (1-year follow-up),,numeric,beats per minute (bpm),,,V2_MAX_HR-V2_HR_P4M,,
Physiologic Measurements/Cardiovascular Assessments,V3_IMPAIRED_HRR_1M,Impared heart rate recovery at 1 minute post-exercise at Visit 3 (1-year follow-up),HRR =< 12 bpm is considered impared,choices,,yes_no,,,,
Physiologic Measurements,V3_IMPROVED_HS_CRP,Indicator of Improved High Sensitivity C-Reactive Protein at Visit 3,,choices,,yes_no,,,,
Medical History/Medications,V3_LIPID,Whether the patient is using Lipid reducing drug at Visit 3 (1 year follow-up),,choices,,yes_no,,,,
Physiologic Measurements/Cardiovascular Assessments,V3_MAX_BP,Systolic blood pressure at maximum effort at Visit 3 (1-year follow-up),,numeric,millimeters of mercury (mmHg),,,,,
Physiologic Measurements/Cardiovascular Assessments,V3_MAX_HR,Peak heart rate during maximal exercise test at Visit 3 (1-year follow-up),,numeric,beats per minute (bpm),,,,,
Medical History/Medications,V3_PLAVIX,Whether the patient is using Plavix drug at Visit 3 (1 year follow-up),,choices,,yes_no,,,,
Physiologic Measurements,V3_RAGE_AGER,Receptor for Advanced Glycation End product at Visit 3 (1 year follow-up),,numeric,nanograms per milliliter (ng/mL),,,,,
Physiologic Measurements/Cardiovascular Assessments,V3_RECOVERY_TIME_TOTAL,Total recovery time during maximal exercise test at Visit 3 (1-year follow-up),,numeric,minutes (min),,,,,
Physiologic Measurements/Cardiovascular Assessments,V3_SBP_REST,Resting systolic blood pressure at Visit 3 (1-year follow-up),,numeric,millimeters of mercury (mmHg),,,,,
Sleep Questionnaires/Hypersomnia/Epworth Sleepiness Scale (ESS),V3_SLEEPY,"Whether a patient is classified as sleepy (ESS>=10) or not, based on ESS at Visit 3","Whether a patient is classified as sleepy (ESS>=10) or not, based on ESS score atVisit 1",numeric,,yes_no,,,,
Physiologic Measurements,V3_SP_D,Surfactant protein D at Visit 3 (1 year follow-up),,numeric,nanograms per milliliter (ng/mL),,,,,
Medical History/Medications,V3_SSRI,Whether the patient is using selective seratonin reuptake inhibitor drug at Visit 3 (1 year follow-up),,choices,,yes_no,,,,
Physiologic Measurements,V3_Tie_2,Angiopoietin-1 receptor (TIE-2) at Visit 3 (1 year follow-up),,numeric,nanograms per milliliter (ng/mL),,,,,
Physiologic Measurements,V3_VEGF,Vascular endothelial growth factor at Visit 3 (1 year follow-up),,numeric,nanograms per milliliter (ng/mL),,,,,
Medical History/Medications,V3_WARAN,Whether the patient is using Waran at Visit 3 (1 year follow-up),,choices,,yes_no,,,,
Physiologic Measurements/Cardiovascular Assessments/Echocardiography,V3A,A-Wave (atrial contraction) at Visit 3 (1-year follow-up),,numeric,,,,,,
Physiologic Measurements,V3ADIPONECTIN,Adiponectin at Visit 3 (1 year follow-up),,numeric,picograms per milliliter (pg/mL),,,,,
General Health and Mood Questionnaires/Mental and Psychiatric Health/Anxiety,V3ANXTOTAL_1,Total anxiety score at Visit 3 (1-year follow-up),,numeric,,,,,,
Physiologic Measurements,V3BLOOD,Blood samples collected at Visit 3 (1 year follow-up),,choices,,yes_no,,,,
Physiologic Measurements,V3BNP,B-type natriuretic peptide level at Visit 3 (1 year follow-up),,numeric,picograms per milliliter (pg/mL),,,,,
Physiologic Measurements/Cardiovascular Assessments/Echocardiography,V3CONCENTRICHYPERTROPHY,Concentric Hypertrophy at Visit 3 (1-year follow-up),,choices,,yes_no,,,,
Physiologic Measurements,V3DATBLD,Date of blood sample collection at  Visit 3 (1 year follow-up),,date,,,,,,
General Health and Mood Questionnaires/Mental and Psychiatric Health/Depression,V3DEPRESSED,Indicator of depression (DEPRSCORE >= 50) at Visit 3 (1-year follow-up),,choices,,yes_no,,,,
General Health and Mood Questionnaires/Mental and Psychiatric Health/Depression,V3DEPRSCORE,Depression score at Visit 3 (1-year follow-up),,numeric,,,,,,
Physiologic Measurements/Cardiovascular Assessments/Echocardiography,V3DT,Deceleration time at Visit 3 (1-year follow-up),,numeric,milliseconds (ms),,,,,
Physiologic Measurements/Cardiovascular Assessments/Echocardiography,V3E,E-Wave (early rapid filling) at Visit 3 (1-year follow-up),,numeric,,,,,,
Physiologic Measurements/Cardiovascular Assessments/Echocardiography,V3EA,E/A Ratio at Visit 3 (1-year follow-up),,numeric,,,,,,
Physiologic Measurements/Cardiovascular Assessments/Echocardiography,V3EA_pathologic,Pathologic E/A ratio at Visit 3 (1-year follow-up),E/A < 0.8 is considered pathologic,choices,,yes_no,,,,
Administrative,V3ECHO,Echocardiogram done at Visit 3 (1-year follow-up),,choices,,yes_no,,,,
Physiologic Measurements/Cardiovascular Assessments/Echocardiography,V3ECHO_AF,Atrial fibrilation from Echocardiogram at Visit 3 (1-year follow-up),,choices,,yes_no,,,,
Administrative,V3ECHO_DATE,Date of Echocardiogram at Visit 3 (1-year follow-up),,date,,,,,,
Physiologic Measurements/Cardiovascular Assessments/Echocardiography,V3ECHO_PACEMAKER,Pacemaker from Echocardiogram at Visit 3 (1-year follow-up),,choices,,yes_no,,,,
Physiologic Measurements/Cardiovascular Assessments/Echocardiography,V3ECHO_VALVE_ABNORM,Abnormal Valve from Echocardiogram at Visit 3 (1-year follow-up),,choices,,yes_no,,,,
Physiologic Measurements/Cardiovascular Assessments/Echocardiography,V3Ee,E/e' Ratio at Visit 3 (1-year follow-up),,numeric,,,,,,
Physiologic Measurements/Cardiovascular Assessments/Echocardiography,V3EeDECREASED,Decreased E/e' Ratio at Visit 3 (1-year follow-up),,choices,,yes_no,,,,
Physiologic Measurements/Cardiovascular Assessments/Echocardiography,V3Eepathologic,Pathologic E/e' at Visit 3 (1-year follow-up),,choices,,yes_no,,,,
Physiologic Measurements/Cardiovascular Assessments/Echocardiography,V3Em,Septal e'  velocity at Visit 3 (1-year follow-up),,numeric,m/s,,,,,
Physiologic Measurements/Cardiovascular Assessments/Echocardiography,V3Em_pathologic,Pathologic septal e'  velocity at Visit 3 (1-year follow-up),Pathologic Em thresholds: < 40 years old - =< 10; 40-59 years old - =< 8; >= 60 years old - =<6) <br> Low Em reflects impared relazation and diastolic dysfunction ,choices,,yes_no,,,,
Physiologic Measurements/Cardiovascular Assessments/Echocardiography,V3EmINCREASED,Increased Early diastolic mitral annular velocity at Visit 3 (1-year follow-up),,choices,,yes_no,,,,
Physiologic Measurements,V3EVF,Ejection Fraction(?) at Visit 3 (1 year follow-up),,numeric,fraction (L/L),,,,,
Physiologic Measurements,V3GLUCOS,Blood Glucose at Visit 3 (1 year follow-up),,numeric,millimoles per liter (mmol/L),,,,,
Physiologic Measurements,V3HB,Hemoglobin at Visit 3 (1 year follow-up),,numeric,grams per liter (g/L),,,,,
Physiologic Measurements,V3HDL,High Density Lipoprotein at Visit 3 (1 year follow-up),,numeric,millimoles per liter (mmol/L),,,,,
Physiologic Measurements/Cardiovascular Assessments/Echocardiography,V3HFpEF_improved,Indicator of improved composite score of HFpEF-related abnormalities at Visit 3 compared to Visit 1,,choices,,yes_no,,,,
Physiologic Measurements/Cardiovascular Assessments/Echocardiography,V3HFpEF_like,Binary indicator of having at least 2 of the 5 HFpEF-related abnormalities at Visit 3,,choices,,yes_no,,,,
Physiologic Measurements/Cardiovascular Assessments/Echocardiography,V3HFpEF_like_score,Composite score (0–5) representing the number of heart failure with preserved ejection fraction (HFpEF)-related abnormalities at Visit 3.,"Abnormalities include: dilated left atrial diameter, pathologic E/e′, pathologic left ventricular mass, pulmonary hypertension, and elevated NT-proBNP.",integer,,,,,,
Physiologic Measurements,V3HS_CRP,High Sensitivity C-Reactive Protein at Visit 3 (1 year follow-up),,numeric,milligrams per liter (mg/L),,,,,
Physiologic Measurements,V3HS_CRP_UNDER1,High Sensitivity C-Reactive Protein under 1 at Visit 3,,choices,,CRP_1,,,,
Physiologic Measurements,V3HS_CRP_UNDER3,High Sensitivity C-Reactive Protein under 3 at Visit 3,,choices,,CRP_3,,,,
Physiologic Measurements,V3ICAM1,Intercellular cell adhesion molecule-1 (ICAM-1) at Visit 3 (1 year follow-up),,numeric,nanograms per milliliter (ng/mL),,,,,
Physiologic Measurements,V3IL6,Interleukin-6 at Visit 3 (1 year follow-up),,numeric,picograms per milliliter (pg/mL),,,,,
Physiologic Measurements,V3IL8,Interleukin-8 at Visit 3 (1 year follow-up),,numeric,picograms per milliliter (pg/mL),,,,,
Physiologic Measurements,V3INSULIN,Insulin at Visit 3 (1 year follow-up),,numeric,picograms per milliliter (pg/mL),,,,,
Physiologic Measurements/Cardiovascular Assessments/Echocardiography,V3IVS,Interventricular Septum (IVS) thickness at Visit 3 (1-year follow-up),,numeric,,,,,,
Physiologic Measurements/Cardiovascular Assessments/Echocardiography,V3LA,Left atrial diameter at Visit 3 (1-year follow-up),,numeric,,,,,,
Physiologic Measurements/Cardiovascular Assessments/Echocardiography,V3LA_dilated,Dialated LA at Visit 3 (1-year follow-up),,choices,,yes_no,,,,
Physiologic Measurements/Cardiovascular Assessments/Echocardiography,V3LA_REDUCED,Left atrial diameter reduced at Visit 3 (1-year follow-up),,choices,,yes_no,,,,
Physiologic Measurements,V3LDL,Low Density Lipoprotein at Visit 3 (1 year follow-up),,numeric,millimoles per liter (mmol/L),,,,,
Physiologic Measurements,V3LEPTIN,Leptin at Visit 3 (1 year follow-up),,numeric,picograms per milliliter (pg/mL),,,,,
Physiologic Measurements,V3LPK,Leukocytes/ WBC Count at Visit 3 (1 year follow-up),,numeric,10^9/L,,,,,
Physiologic Measurements/Cardiovascular Assessments/Echocardiography,V3LVDD,Left ventricular dimension at end-diastole (LVDD) at Visit 3 (1-year follow-up),,numeric,,,,,,
Physiologic Measurements/Cardiovascular Assessments/Echocardiography,V3LVDS,Left ventricular dimension at end-systole (LVDS) at ,,numeric,,,,,,
Physiologic Measurements,V3LVEF,Left ventricular ejection fraction at Visit 3 (1 year follow-up),,numeric,percent (%),,,,,
Physiologic Measurements/Cardiovascular Assessments/Echocardiography,V3LVM,Left Ventricular Mass (LVM) at Visit 3 (1-year follow-up),,numeric,grams,,,,,
Physiologic Measurements/Cardiovascular Assessments/Echocardiography,V3LVMI,Left Ventricular Mass Index (LVMI) at Visit 3 (1-year follow-up),,numeric,grams per meter squared (g/m2),,,,,
Physiologic Measurements/Cardiovascular Assessments/Echocardiography,V3LVMpathologic,Pathologic LVM at Visit 3 (1-year follow-up),,choices,,yes_no,,,,
Physiologic Measurements/Cardiovascular Assessments/Echocardiography,V3LVPW,Left Ventricular Posterior Wall (LVPW) thickness at Visit 3 (1-year follow-up),,numeric,,,,,,
Physiologic Measurements,V3MMP9,Matrix Metalloproteinase-9 (MMP9) at Visit 3 (1 year follow-up),,numeric,picograms per milliliter (pg/mL),,,,,
Physiologic Measurements,V3MPO,Myeloperoxidase antibody at Visit 3 (1 year follow-up),,numeric,picograms per milliliter (pg/mL),,,,,
Physiologic Measurements/Cardiovascular Assessments/Echocardiography,V3NTproBNP_High,High N-terminal pro b-type natriuretic peptide levels at Visit 3 (1-year follow-up),,choices,,yes_no,,,,
Physiologic Measurements/Cardiovascular Assessments/Echocardiography,V3PAP,Pulmonary artery pressure (PAP) at at Visit 3 (1-year follow-up),,numeric,millimeters of mercury (mmHg),,,,,
Physiologic Measurements/Cardiovascular Assessments/Echocardiography,V3PH,Pulmonary Hypertention at Visit 3 (1-year follow-up),PAH >= 35 is classified as Pulmonary Hypertension ,choices,,yes_no,,,,
Physiologic Measurements/Cardiovascular Assessments/Echocardiography,V3PMAXTV,Systolic tricuspid pressure gradient at Visit 3 (1-year follow-up),,numeric,,,,,,
Physiologic Measurements/Cardiovascular Assessments/Echocardiography,V3RWT,Relative Wall Thickness (RWT) at Visit 3 (1-year follow-up),,numeric,,,,,,
Physiologic Measurements/Cardiovascular Assessments/Echocardiography,V3RWT_pathologic,Pathologic RWT at Visit 3 (1-year follow-up),,choices,,yes_no,,,,
Physiologic Measurements,V3SD,Binary Indicator of left ventricular ejection fraction over 50% at Visit 3 (1 year follow-up),,choices,,LVEF50,,,,
Physiologic Measurements,V3TNFALFA,Tumor Necrosis Factor-alpha at Visit 3 (1 year follow-up),,numeric,picograms per milliliter (pg/mL),,,,,
Physiologic Measurements,V3TOTALPAI1,Total Plasminogen Activator Inhibitor-1 at Visit 3 (1 year follow-up),,numeric,picograms per milliliter (pg/mL),,,,,
Physiologic Measurements,V3TPK,Platelet Count at Visit 3 (1 year follow-up),,numeric,10^9/L,,,,,
Physiologic Measurements/Cardiovascular Assessments/Echocardiography,V3TRICUSPIDINSUFF,Tricuspid insufficiency at Visit 3 (1-year follow-up),,choices,,yes_no,,,,
Physiologic Measurements,V3TRIGL,Triglycerides at Visit 3 (1 year follow-up),,numeric,millimoles per liter (mmol/L),,,,,
Physiologic Measurements,V3VCAM1,Vascular Cell Adhesion Molecule-1 (VCAM1) at Visit 3 (1 year follow-up),,numeric,nanograms per milliliter (ng/mL),,,,,
Physiologic Measurements/Cardiovascular Assessments/Echocardiography,V3VMAXTV,Tricuspid Valve Maximum Velocity at Visit 3 (1-year follow-up),,numeric,,,,,,
Sleep and Circadian Studies/Polysomnography/Sleep Disordered Breathing/Endotypes,Vactive,Active collapsibility,"The level of ventilation at elevated ventilatory drive, i.e. collapsibility under active conditions.  Low values indicate greater active collapsibility",numeric,percent (%),,,,,
Sleep and Circadian Studies/Polysomnography/Sleep Disordered Breathing/Endotypes,Vactive_CATEGORY,Category of Vactive,,choices,,endo_cat,,,,
Sleep and Circadian Studies/Polysomnography/Sleep Disordered Breathing/Endotypes,Vactive_QUARTILES,Quartile of Vactive,,choices,,quartiles,,,,
Sleep and Circadian Studies/Polysomnography/Sleep Disordered Breathing/Endotypes,Vcomp,Upper Airway Neuromuscular Compensation,Equal to Vactive minus Vpassive. Reflects the increase in airflow due to activation of the pharyngeal dilator muscles.,numeric,percent (%),,,,,
Sleep and Circadian Studies/Polysomnography/Sleep Disordered Breathing/Endotypes,Vcomp_CATEGORY,Category of Vcomp,,choices,,endo_cat,,,,
Sleep and Circadian Studies/Polysomnography/Sleep Disordered Breathing/Endotypes,Vcomp_QUARTILES,Quartile of Vcomp,,choices,,quartiles,,,,
Sleep and Circadian Studies/Polysomnography/Sleep Disordered Breathing/Endotypes,Vpassive,Passive collapsibility ,"The level of ventilation at eupneic ventilatory drive, i.e. collapsibility under passive conditions.",numeric,percent (%),,,,,
Sleep and Circadian Studies/Polysomnography/Sleep Disordered Breathing/Endotypes,Vpassive_CATEGORY,Category of Vpassive,,choices,,endo_cat,,,,
Sleep and Circadian Studies/Polysomnography/Sleep Disordered Breathing/Endotypes,Vpassive_QUARTILES,Quartile of Vpassive,,choices,,quartiles,,,,
Sleep and Circadian Studies/Polysomnography/Sleep Disordered Breathing/Endotypes,VRA,Ventilatory response to arousal,The increase in ventilatory drive that is attributable to arousal/wakefulness,numeric,,,,,,
Anthropometry,WAIST,Waist circumference at Visit 1 (baseline),,numeric,centimeters (cm),,,,,
Anthropometry,WAIST_1YR,Waist measurement at 1-year follow-up,,numeric,centimeters (cm),,,,,
Anthropometry,WAIST_3M,Waist measurement at 3-month follow-up,,numeric,centimeters (cm),,,,,
Anthropometry,WEIGHT_1YR,Weight (kg) at 1 Year,,numeric,kilograms (kg),,,,,
Anthropometry,WEIGHT_3M,Weight (kg) at 3 Months,,numeric,kilograms (kg),,,,,
Anthropometry,WHR,Waist-Hip Ratio at Visit 1 (baseline),,numeric,,,,,,